country_name,cty_code,total_imports,pdr (Paddy Rice),wht (Wheat),gro (Cereal Grains Nec),"v_f (Vegetables, Fruit, Nuts)",osd (Oil Seeds),"c_b (Sugar Cane, Sugar Beet)",pfb (Plant-Based Fibers),ocr (Crops Nec),"ctl (Bovine Cattle, Sheep And Goats, Horses)",oap (Animal Products Nec),"wol (Wool, Silk-Worm Cocoons)",frs (Forestry),fsh (Fishing),coa (Coal),oil (Oil),gas (Gas),oxt (Other Mining And Extraction),cmt (Bovine Meat Products),omt (Meat Products Nec),vol (Vegetable Oils And Fats),mil (Dairy Products),pcr (Processed Rice),sgr (Sugar),ofd (Food Products Nec),b_t (Beverages And Tobacco Products),tex (Textiles),wap (Wearing Apparel),lea (Leather Products),lum (Wood Products),"ppp (Paper Products, Publishing)","p_c (Petroleum, Coal Products)",chm (Chemical Products),bph (Basic Pharmaceutical Products),rpp (Rubber And Plastic Products),nmm (Mineral Products Nec),i_s (Ferrous Metals),nfm (Metals Nec),fmp (Metal Products),"ele (Computer, Electronic And Optical Products)",eeq (Electrical Equipment),ome (Machinery And Equipment Nec),mvh (Motor Vehicles And Parts),otn (Transport Equipment Nec),omf (Manufactures Nec),ely (Electricity),s232_pharma_imports (131 HS codes)
Mexico,2010,489351557523,0,323195,10890852,19706184473,22388795,923048,2037960,509645411,1309007929,92718503,9065,134122462,203208090,2912,10513729586,1620331,485409052,1906424101,254341195,631542230,218155461,11937168,424399494,10654833412,12929227866,2575925271,3258524236,1017976979,693360094,2505112702,4904038423,7973424757,1013341322,11200612169,4586424389,4401023043,7882532004,9819468967,89580189578,63397387516,49447996161,134289059232,4271596116,26510481973,0,562236722
China,5700,419594576206,0,0,1341279,397733589,21000694,7977,350721,274602862,0,204830542,23796,40331561,15875189,9715039,0,188201,347817105,219363,8837355,70819564,2169591,56468571,2489868,4657183989,198117972,12874271571,19186254437,12715889259,2134601700,5223044469,422166376,14021067804,10487680970,19896412471,6247988617,1534872102,1895379479,20185929956,122768437016,58495601512,33095058426,14965776249,4243275102,52890743862,0,2094286840
Canada,1220,392351171314,48865,698108933,567907165,3239531459,554171456,14404650,147418,1032361501,1796171125,858842408,153507,205928248,1378278018,196010516,96406151105,5272149629,1434844803,2777964645,1954354323,6171116798,272539246,26354966,359160192,20682084990,1872420476,1030740449,713261406,155526861,11093152767,10256671527,19808600456,24262072448,5329721936,11333354147,2699301091,9233306219,23075262368,8369746500,7453682677,9112397697,20583180259,52094035230,15373332726,10312902470,2289715638,2052053656
Germany (Federal Republic of Germany),4280,149899400959,0,7259248,39688624,3819366,3994255,6702,249741,85198076,267197511,23658181,0,6945526,243027,94768,0,0,20691288,1150042,13983528,43561457,79541916,83678,3554653,1713578736,347135973,686385494,32363934,459936201,754153539,1132561208,1005229449,10519426584,17021248696,2677785315,1245937808,2177145767,3024540048,4087363024,13154769752,8228373412,29473164019,35490752773,9100499616,6966128024,0,10655301546
Japan,5880,143594793014,3472,0,51487,11019417,240598,0,107462,58914518,12195235,5972988,0,443135,73985598,0,0,0,35637932,72174190,118515,67928958,6367930,16010963,355886,951019933,252844061,509157117,96158818,18921225,37806592,254395137,356344062,8321845566,6418299240,3386157661,1099592518,1877006378,1168377735,2561412643,13026027392,11048328159,31876912449,51831568127,4924202703,3216887214,0,4711047275
Vietnam,5520,139275271003,0,0,219257,1000307861,660319,1560864,755515,647565715,0,131268816,0,2228452,5322216,0,0,0,20512660,0,4169106,112052367,302696,27912803,19559,2819891172,55593316,1213269278,15613452125,10200492074,1143355647,942279689,1541703,424308059,67964357,4901008562,1060595599,1277153481,275454690,2326168559,61961229983,9840174147,5577761378,721121453,546405846,16351191679,0,3461672
South Korea (Republic of Korea),5800,128337686302,0,0,431275,67353924,230565,0,7814,11533804,510000,2067968,0,275184,60972432,4960,0,0,17604025,0,6686505,10008118,29586028,5356774,1143586,1388095513,180742733,1005970824,191888380,61703481,12281015,780625592,5163577543,9587947819,3176875508,3477551646,576177576,3288903161,2323596921,3384934828,19548932929,11316924963,15299964776,44744527320,836717294,1775973518,0,2876659136
Taiwan,5830,112806321623,0,0,177454,3665496,997632,0,24211,79386070,0,12039563,0,569297,7313404,0,0,0,809538,0,69376,18634148,3823159,4535535,2090801,691414339,64038773,579640264,162536269,109295944,49671919,301418725,407389810,2477710381,436560680,2421776091,393125138,1494257717,305286789,5619314458,77895239747,6050876235,5849717014,2039118235,1740246173,3583551238,0,139542530
Ireland,4190,92208399352,0,0,0,2593,0,0,3231,285172,122592696,5744197,0,88700,8563967,14035146,0,0,41401562,26794330,25045172,3922024,689028163,0,0,329694242,562024039,27233461,5333779,884656,11219863,23390056,22579545,6047590251,70794943921,114043392,20537214,2162523,10970871,50831237,4685467796,458585402,1039838486,11761934,50932926,7000866805,0,62043011034
India,5330,86254306967,11289,6517,4291927,144462788,64802769,39916,36277858,427452488,0,151246796,12429,51358264,7168121,9920,0,0,88176173,174821,97200,188061320,32735459,378530882,12309237,4163524278,97440676,5747725562,5074012251,958716547,314319909,576635717,3109969054,4732210033,13323617558,2021340483,2560164080,1180495777,701193659,3229120067,11295929096,3386210501,6358013076,2577986156,663729944,12594726369,0,4648171046
Italy,4759,71719566333,0,869870,527361,96828338,352697,0,91138,9533301,561433,10346160,109643,13520216,485405,6426,0,0,30099870,0,288025007,1172020586,564529911,16910289,101786,3157143540,3216093968,544577625,2424876530,3575166911,172692080,474935586,1214592390,3695316316,11569707035,1053442309,1674531586,1106103929,809056501,2197267898,1778685459,3349382420,13037997664,5042404514,2558038606,6862634029,0,5728630683
United Kingdom,4120,62365877417,0,84132,338660,2998452,418497,0,126165,12530247,100531238,28188945,119073,2191281,166406183,4347885,922611505,0,55902449,8929497,28665121,19239261,90201796,682789,347305,562423934,1717169506,334247691,147335543,77777731,22132994,721073580,2209174471,4758905000,7542282665,997835252,331200286,562024141,1217138467,1378057445,4237459298,2380959150,9625701627,11219206705,6651134482,4227776968,0,4396630352
Thailand,5490,62173458635,0,0,33837,132261318,4056668,58150,19282,33159472,0,69051723,0,9159528,7126608,0,0,0,2425699,0,62587,4791119,4804295,789183338,18391577,3566772461,86284509,419605309,922814672,451969948,214005128,148114836,27585256,850466258,53188966,6072257587,620876233,355450917,669931422,1305316354,27337841528,7193290200,4705643931,1695949681,635908981,3765599257,0,16232078
Switzerland,4419,57467557468,0,0,0,16502,0,0,0,1342432,2701082,300469,0,58437,382135,0,0,0,1767899,0,0,2893560,129680755,0,235970,1531535201,156056827,69980582,31000606,45374469,15671382,96196981,9329433,1793039667,19959780904,254136002,88126254,27700088,2175924557,582048389,8982973722,1349509253,3491861649,65425356,1064650175,15537856730,0,12923098841
France,4279,55645871936,0,17979654,5339082,42131917,3601801,80094,193197,17283688,22854072,21923545,15042,66570769,6068571,0,0,0,18749700,4958429,7568269,75838386,369981571,9666,834548,1226357639,4731843088,216732775,379696048,1470633511,305791277,345039107,911043086,8304843395,4370999516,974706542,545059172,429745648,767503017,937752128,2792616632,2369836526,5490619893,963867588,11591660504,5837542843,0,1720306635
Malaysia,5570,49426719852,0,0,13357,1671550,0,0,35699,1699721,0,579260,0,187859,1249203,0,0,8500,547725,0,0,299275884,1802608,0,39143,618312818,25760038,58977141,198002987,7899227,321595315,205014764,93485278,829102827,140196740,2035897178,316660110,297795592,255471910,447263840,30793662321,4673940704,4346999512,143393814,724236569,2585940658,0,112529044
Brazil,3510,39964607537,0,0,29639762,156235794,58706017,1467626,458004,1921608894,6249123,207042000,0,2041752,56814389,0,5424581619,0,506437264,855967685,533543255,442229625,46113639,19919786,804001730,2035656975,495824331,48200578,24070326,320448659,1543755015,2040708737,3241257181,1908667676,196670000,550499548,971251581,4980560403,1355681080,682757643,245979345,1234202401,2917030151,841874288,2198456207,1057997448,0,88463267
Singapore,5590,37662646919,0,0,0,91891,0,0,266,2049405,0,28330,0,236133,8476073,0,29381569,0,592900,0,0,9417559,419260,0,0,2805172398,1647099,4653234,2192228,1278947,1368956,22957183,1925959451,2092983016,17793487868,277672722,97680299,5559485,169026161,88770186,4603464389,836450844,3170652277,49218972,510928537,3150829281,0,16932553436
Netherlands,4210,29202065730,0,0,174222,155338298,11386634,0,1670526,254754033,99238567,41193642,99567,5155268,18363573,37972,0,0,38410825,30369490,44714712,30822345,165796032,870178,19392,1277246984,1128660697,267335372,4161984,17997706,77913211,202608396,4191329460,3778801273,7017183580,295485483,95955416,832629928,159838284,454384342,1910006210,720850962,4275911030,358066995,676962864,560320277,0,5920552340
Indonesia,5600,27571731505,0,0,0,7896216,0,18200,5918,400452800,0,21302926,0,2111797,27475085,0,0,0,1434507,0,136173,1985763070,0,61125,1504728,2756563282,264981075,255274960,4403002086,3289812094,740162823,506213855,47697421,1248578419,16905395,1988301418,128256562,152582577,168945612,214429421,2514288696,2651649045,674354154,183752238,154435690,2763382137,0,0
Belgium,4231,25068586113,0,31445,175884,3507652,3503,0,7870,7462303,77034367,15380651,8074445,120250,146217,0,0,0,11569610,93488,2378212,6290379,13925615,0,4247889,1012215723,51944437,169062726,4481933,6389000,67874003,84864644,962871206,2415661364,12365526125,247707619,140251005,351996863,888304633,198320279,463794923,303210438,1333452751,1413190700,267569169,2169446792,0,9667368163
Israel,5081,21660926322,0,3332,63495,65028333,5372732,7264,605,20948721,48308,5332653,0,7508808,1961534,0,0,0,41198763,0,13492082,45050317,13840781,92389,208154,285303112,52962132,239408320,42830072,26766699,3632585,112385930,182622065,1166358580,1747082178,610684199,65164755,59277807,140182173,515045224,7726893720,547198284,1013001402,78676790,904194256,5921097768,0,516560254
Spain,4700,20304780507,0,0,1178969,129585602,6417581,0,120561,48367224,3459527,21896923,95265,2074651,90992145,0,0,0,144731906,9766541,114958238,1344721205,170536189,9421598,0,1493404867,459226679,109622434,93030619,411731868,153988854,359744724,1406522662,2180079331,2369333970,574404657,1034817191,458924179,202345153,872967222,381382516,1509306896,2080512213,556572314,596704051,901833982,0,924353805
Colombia,3010,17552687779,0,0,40335,526311376,73130,22140,2163,2725630404,485766,31768897,0,37980163,38795017,127945344,5691568292,1659624,66934020,68516,0,34884425,5590655,41325,141635252,778188817,19129235,102378512,221300121,26960664,9444831,106506529,1984333312,704556704,9111900,241159670,185633345,169504214,1927290429,647943601,71196223,374480233,56245757,21162705,6624261,458099872,0,34617
Sweden,4010,17346217606,0,0,3723030,448184,0,0,0,4929596,2674310,84110,3896,39576850,4940476,0,0,0,24186686,0,0,7741069,733731,0,0,55782030,260995488,41988982,3470327,5596867,307758436,721731604,344010260,1251356612,2355143067,210125320,47661048,565749597,282774661,547211984,1161781079,756922299,2940066050,4202382251,555784004,638883702,0,1503608188
Austria,4330,16972586499,0,0,233100,278100,244202,0,0,2619919,87954,846235,0,51920,0,0,0,0,2743798,0,0,2560976,9558545,0,81142,147711784,217438213,105285566,7265886,21464427,172211787,121620604,1852154,437012153,3543933704,232812718,212771354,607192934,325822475,850079747,1107065261,942383596,3722571690,2872581535,658493372,645709648,0,1762707174
Chile,3370,15989854918,0,0,44775294,1947033389,29258956,0,0,28375861,7820500,2229819,0,2033315,136143883,0,0,0,182334585,8158449,252122881,53262407,49772521,0,2671190,3578530710,159393015,14215471,9289739,272562,1046132808,91575942,146752057,744692675,7440770,380098707,27576993,179478451,6620412655,28879337,11275492,30509334,77026443,64569113,18053847,7685747,0,5834245
Turkey,4890,15931925959,0,16632,4823029,103713182,52860476,0,5185,116468231,50000,21628650,2600,1983703,58459302,0,0,0,82364978,0,127065,321425342,32205983,2657548,332068,1265759683,60335694,1659031673,973370360,59950220,62620386,206938162,1109748825,603470141,64464335,643191302,1221568957,396046176,278646958,1129275503,305443676,1008276443,1389858897,825611159,865833367,1003360068,0,51627914
Australia,6021,15431611956,0,0,222332,43424831,18036021,0,66598,30907730,18397356,102622602,50233,1088817,39236849,0,0,0,617025671,4020129532,49804087,199795543,22089862,687719,81204714,496669543,272518402,35423958,16775590,10717640,9123554,82664622,28689520,479885353,1404404137,97329748,46182616,385540534,1744356257,154251366,736295715,248690827,588599696,109972974,488789188,2749940219,0,147955556
South Africa,7910,14427042339,0,0,2059471,218706385,175633,0,33859,14125979,1742734,1572004,1914,2246865,15975530,0,0,0,287237310,2037,0,1850978,33111371,0,33034707,203425965,71453291,17889468,9884463,18872672,10518179,34548249,48740531,632926988,26054458,69664509,39266698,648959568,4635993623,49103295,91360357,62553379,251409805,2568123600,140703284,4183713180,0,3880933
Philippines,5650,13415580336,0,0,0,74984588,1000513,0,73154,2696365,0,2926016,0,1447739,15682042,0,0,0,174495,0,0,620208019,1965555,13491,17105277,571264019,152271458,40044819,484150884,510902865,52940501,28803202,70513,102565550,5672347,337380791,65451956,12230341,4188156,195283033,6047652974,2818051891,682229798,75120054,104551986,386475944,0,0
Poland,4550,12845914477,0,37494333,5562168,2969562,352576,0,2991,7677788,950470,18701691,0,283178,0,0,34667,0,1704159,0,91757639,3146689,10612846,29636,7931821,676286880,89831970,44468199,50945552,12590081,122259632,85520482,34393733,486067755,56361588,554167687,171247753,67379151,329498039,466506025,1271958068,1855074824,2196393289,1025507498,1806464882,1253779175,0,42280121
Cambodia,5550,12660132491,0,0,0,6099009,0,0,0,32943,0,30419307,0,0,0,0,0,0,67412,0,0,0,0,3912990,22826,95123497,0,178714041,4075560618,2752174954,377960813,106623491,0,28430318,2778681,1137474336,34244842,8638571,2861,96620936,1518514313,1037150495,35494200,7485393,207942489,918643155,0,62056
Saudi Arabia,5170,12308522990,0,0,0,7487155,0,0,0,120045,12000,167685,0,0,225000,0,7027683437,0,32328142,0,0,933653,440347,0,0,22074771,2615904,113397925,112598,35758,27033,5314990,3141044507,1599147715,10999878,16840032,28961794,15196036,202505013,14932315,3290681,15012665,33258270,1573684,9994691,2789266,0,54279
Hungary,4370,12082718152,0,0,0,1789919,1588846,0,0,413345,245312,23844687,0,31820,0,0,0,0,396562,0,12111180,21963965,0,0,0,19668375,4266038,41725999,13503375,34634101,6206332,24460103,286748,276514796,4357330531,267921612,73060012,504624,99309364,100922224,1122835578,2036660537,1228950949,2045116666,32382524,234072028,0,21143491
Costa Rica,2230,10411176561,0,19525,0,1408221546,170559,71160,0,228028423,36000,1425262,0,5494373,39292061,0,0,0,5736127,70942301,0,139259,1204048,0,93617242,357444455,4669725,16654816,27029652,12976225,2906560,13896330,170548,40454431,17666471,366380175,28188968,4352463,142118226,45071283,2209575074,354406789,31982787,33280423,5951788,4841601486,0,2774740
"Denmark, except Greenland",4099,9457181893,0,0,0,12733718,0,0,0,12891659,4296966,5818160,0,292550,2173584,0,0,0,3829567,13011650,162864892,19769161,62956979,0,0,376095835,121013402,37878538,3164907,6825390,11746753,40880692,66085204,615128747,2870783172,156623672,26860545,9568537,10868986,435278218,1627014570,366154092,1552771602,122621116,93876673,605302356,0,1322631929
Peru,3330,9448076874,0,134757,76760508,2966788747,19245428,0,0,528877793,38800,3671798,50918,573591,3406677,8484719,48289651,0,813302236,0,345738,96941740,13197994,94010,78468218,985425747,9867822,69995607,829556927,5546238,10566337,6008405,535000952,109702720,6341914,114089360,85715604,1082141,1616440039,18012541,2379968,41993212,33510069,34595338,1956290,271616320,0,5200800
Ecuador,3310,8366169244,0,0,817299,731096230,99284,0,0,987850236,34000,2172605,0,15170019,64788826,0,3633701414,0,4934668,5292,118460,16247293,657179,121824,18103723,1936185446,5109765,1998312,8392756,640425,112448023,12712812,109137716,17405333,227780,54815142,11336314,358317,515457553,8107796,2395272,69877442,11243914,1261537,910399,10228838,0,32651
Bangladesh,5380,8344694026,0,0,0,358915,0,0,1074460,1011118,0,1484856,0,0,1581610,0,0,0,0,0,0,231836,290985,1435221,250926,32648835,12494148,203747124,7457015279,349379851,3257879,4794750,0,1978312,20562984,18105617,5593082,0,0,4162191,2811908,6813899,3975552,271179,4106667,205254842,0,5917741
Slovakia,4359,8076518587,0,0,0,27998,311000,0,0,1515135,629668,1323713,0,222624,0,0,0,0,1319797,0,0,0,0,0,0,1039206,624756,7503781,16297397,26542496,2401111,21322027,80848,22002807,6813081,327994564,48839763,21968695,13318308,45594485,165909311,305325613,574757889,6384444874,3271856,75115784,0,4416245
Finland,4050,8029082355,0,0,0,0,0,0,0,1465351,16412,463256,2623,127266,4959,0,0,0,3687164,0,1709257,443253,15456093,0,138085,10379495,4633063,35622045,1486149,1277986,101714721,1164186831,862132801,405204839,1570069497,109360801,49159654,303487676,253113217,134355964,623611872,473949141,1370706437,265014948,153135805,112965694,0,992489029
Iraq,5050,7568701717,0,0,0,6920,0,0,0,61952,0,0,0,4005,0,0,3944716963,0,87987599,0,0,56380,0,73630,16764,952859,595689,32702,20078,0,0,13598353,3487406107,29578122,0,1025,6774,0,0,12525,176094,89543,505084,2324,0,2800225,0,0
Argentina,3570,7475005584,0,1004007,36793950,224952797,91375019,0,0,62165271,9239993,139974126,0,7251733,733657,0,1405154536,4598829,20622988,221725855,3378284,345251177,27710940,25102825,111248112,731372282,219778512,1944604,2038709,11384969,101679630,18256040,949865104,355120787,677443352,23016434,2285532,128281880,1269136982,24445350,8258330,14906797,103253740,49030135,12797140,32425176,0,658215214
Czech Republic,4351,7405659151,0,0,0,7096,87819,0,5974,5233140,1000598,2697463,73816,11920,242172,0,0,0,754369,0,0,13034,380915,0,54756,59664138,11367306,88913726,5845867,6156997,46095302,113509452,16227686,244433251,232669341,502554776,113835985,111635719,43332623,392389214,1557665511,906494261,1878660198,264638261,234793950,564212515,0,78916333
Dominican Republic,2470,7163303467,0,41791,0,156886388,9120,336184,254670,161475209,3000,1154515,0,389171,965614,0,0,0,7540379,1431974,0,7469941,1945559,0,166119987,252424470,1097009000,136925027,612329656,158984447,1500366,75597432,901730,84699177,51835148,326270513,16193915,31336434,234931978,94018643,284458397,984896718,157077251,28623686,1910809,2025355168,0,470379
Portugal,4710,6466962472,0,0,0,768545,0,0,3441,528113,2623852,439992,2678415,1568150,3251114,0,0,0,9460911,1931840,298427,41863227,4444825,19044,20741,105884723,125186692,271705415,418282380,230551928,232939829,97692711,1041761434,157531742,1752439911,462973266,163790704,72208322,2662063,291918132,317176435,184570991,230302329,23324800,42573591,171584437,0,1355819177
Slovenia,4792,6241696952,0,0,0,230000,0,0,0,292209,64806,204937,0,0,0,0,0,0,130625,0,0,313613,21854734,0,0,5381361,21918758,20631329,4114857,2921154,7284335,20005146,34521,55626070,5162898999,28572121,32840554,93451975,41776414,40710034,102688364,168835935,243289151,26344078,43651871,95629001,0,1172900616
Nigeria,7530,6083391964,0,0,58325,9196122,7302377,0,0,43533857,0,349867,0,808543,325559,0,4490255866,359921538,7167397,0,0,30837913,12054,27719,0,20238392,1624043,3783240,638330,896405,66289,253199,797961712,178708088,64297,27978763,34530,0,78174329,80717,435052,318078,624914,142523,176000,21395926,0,0
Norway,4039,6023302128,0,0,0,0,0,0,523,0,588509,848923,0,88297,219475168,0,297967038,90730011,10206062,0,807639,127715072,3660190,0,28562,1140839753,3607443,9348405,1898491,471151,2854208,85368777,1154987179,580693972,365510843,22380190,10487734,127120525,441577040,96918303,367953629,177034272,282618395,29893451,218308570,151313803,0,958155
United Arab Emirates,5200,5871800732,0,0,0,8441397,0,0,653,8543177,108451,508209,0,495287,817060,0,863668853,0,13088573,0,0,18032559,2483923,1254527,20533,74685064,27134623,59269449,12336019,9044125,1942855,98493371,809333582,751069185,3606055,83791173,198682573,318246804,938716634,479865624,87568734,199676386,287792659,56302225,63237987,393542403,0,2441065
Venezuela,3070,5668349920,0,0,0,522056,0,0,0,10239433,9900,3540726,0,0,23757939,0,4248446920,0,45745608,0,0,2941882,852252,48070,0,112790749,16363111,32241,92249,134661,745332,4236562,667668842,489511009,0,2448560,6636336,124703,6566617,1029194,600207,17329199,1174634,188452,607574,3964902,0,0
Honduras,2150,5450670333,0,0,222525,458344004,595603,0,0,397551098,0,42750,0,2565261,1332426,0,0,0,25736155,105000,0,628784,1142258,85618,87454725,269747118,144710843,41589270,2453984873,286522,9867117,9141404,0,26667359,1246964,40031401,7903477,609279,297942609,11466187,1169610,1062803988,2982589,41838241,177107,50698168,0,1102240
New Zealand,6141,5350603341,0,258280,356269,224469964,235434,0,1868,31339683,2828104,112377564,18873,3081083,64071209,0,0,0,3297843,1549515005,92770043,84800402,623059530,0,0,304272770,541035509,35962635,2354702,2169386,222146314,14980228,0,268114712,89561591,39886675,7641459,16446218,58929056,34673164,109404851,128747258,419660108,19847200,33196973,209091378,0,31573670
Guyana,3120,5147213665,0,0,10727,471390,0,0,0,344544,0,221716,0,1253887,5028900,0,4068843468,6611377,77534476,0,0,271189,0,17473,14817257,17128275,7588903,0,435,3632,6113282,19618,786259281,133655090,159142,59084,0,5529,16284387,350737,605705,86683,1788825,103175,302108,1273370,0,0
Pakistan,5350,5052125436,0,0,0,1903075,6751706,0,12569,29926955,0,191025,5994,21475,0,0,0,0,43927472,39065,84759,393066,835624,53639896,42829,108682977,3803634,1869217499,2350482292,45501367,764670,6660724,45436737,101153767,410496,60388505,8896978,12698681,3423850,41859872,1995669,11134046,13148483,4090126,4429176,220170377,0,52343
Guatemala,2050,4962858452,0,0,43567,1640181124,11370520,19964,0,520374013,31500,667608,0,8787356,7173585,0,74543874,0,71769,0,22959,7237952,1940368,471018,217180247,352661069,127570886,31189230,1634714570,41655196,28913385,3339209,513744,22058625,3768793,64245392,1625171,22014805,33872486,1209726,2367548,45443734,18690933,32200,14982,36839344,0,1665917
Nicaragua,2190,4598592973,0,0,0,66742146,55549,0,0,245468233,0,925368,0,0,24333997,0,0,0,0,337084810,0,11933857,67995465,0,58088457,101921067,403156087,3233398,1975200462,1531413,2436538,98506,0,1888625,2906300,1699350,371789,0,583729184,61846,226193,686222278,1620206,98762,10428,19552659,0,2906300
Romania,4850,3487206060,0,0,9162471,58735,2478083,0,0,975095,31175,5276234,0,0,0,0,0,0,17724,0,226505,6239764,1758779,0,0,20460337,4152935,27125266,186969722,73312256,75566884,4563514,8105272,27487553,139030652,300080273,13173857,417624803,9838146,127226817,442104062,620391717,543934762,161020884,109105763,149706020,0,52498784
Jordan,5110,3306379177,0,0,11375,1452786,150138,0,1077,2510586,32183,9531,0,3141,3296,0,0,0,66212,0,0,2095198,1849119,0,65298,36646601,3137045,377307,1897816830,179300,88168,1469718,0,193750536,78674608,2040661,310387,3360,940052,3649510,10994815,10845701,100064101,7804469,40174,949295894,0,85484
Trinidad and Tobago,2740,3194667883,0,0,0,419553,0,0,0,1355716,0,2900,0,0,12645907,0,1102969504,489805680,9378314,0,0,0,0,0,0,40286884,5551315,6552,2661,53726,498938,5123971,73032152,788334098,0,5503088,2944,623878244,8712029,374606,903068,216835,2696301,616756,20165,22275976,0,0
Hong Kong,5820,3130409655,0,0,0,666688,28850,2397,1000,12045185,0,577010,0,311076,2030352,0,15884,0,3058490,0,3906529,2067014,0,607577,2356,93895044,10611744,7449484,80012322,9860954,1865578,33531285,1866395,24030716,10630625,33051418,14153673,2184290,107367201,27343062,267632719,66871308,21431480,3054897,15093341,2273151711,0,7807237
Sri Lanka,5420,3095574124,0,0,6783,10156958,17000,0,11287848,49895998,0,11375,0,5807265,19213946,0,0,0,1001516,0,0,34834697,23240,326149,0,132473805,4672594,38702596,1818123586,960094,1439801,13040512,4676,63137202,24000,337371694,18104104,14280,3625145,53138408,36608909,22372560,97951543,4713107,10030053,306482680,0,0
Russia,4621,2917908568,0,0,2199060,5835966,8545839,0,0,272392,0,387483,0,119409,0,0,0,0,1057365,0,0,36935192,1007663,0,614354,15662593,5183334,44911,340766,2705444,67779552,367483,0,1773233965,801375,1641843,2015354,11208017,915187481,383377,7971246,7171147,4110944,379511,42267184,2478318,0,420244
Algeria,7210,2685465928,0,0,0,14286547,0,0,0,10911,0,0,0,0,0,0,279287655,0,2935979,0,0,199178,0,0,0,320878,125042,418,13743,0,0,51017,1968650111,248104028,0,1996042,85365292,76758622,6002770,30989,60479,522477,216283,0,81329,446138,0,0
Libya,7250,2541329241,0,0,0,0,0,0,0,0,0,0,0,0,0,0,1250663560,0,885691,0,0,0,0,0,0,4963,0,0,1820,0,0,4000,1230655273,57946772,0,0,0,0,0,0,5088,3735,0,5073,0,1153266,0,0
Egypt,7290,2507595786,0,0,55795,2915308,961426,0,0,40063134,0,1199886,0,2605668,769247,0,0,0,23747347,0,0,954103,3676772,29012,9819151,367789266,2662085,151273562,1213203764,365095,1558330,11486543,7505656,234920461,1657460,53622767,122203201,153882743,4036398,23978593,4071287,17473289,12338906,803142,1589191,34377198,0,3630
Kazakhstan,4634,2290144255,0,0,10783,0,3810283,0,1099,40468,0,71285,0,0,0,0,994787998,0,15829974,0,0,0,0,61187,0,13381781,0,283504,49745,174310,2729365,378763,278020672,366068426,0,1773885,455799,197970274,244041900,347934,5133089,1306788,589698,2144610,1297518,159383117,0,0
Greece,4840,2142209501,0,0,0,36802606,165099,0,0,16348069,0,3294734,0,3496068,35700283,3803,0,0,30057148,0,0,85136730,84401466,266967,0,567704543,34673912,18711046,15480400,5212493,2525674,17977299,75772403,105453586,54025171,56313313,141887801,54751997,213059602,153115766,91663665,113482346,24895894,3137938,34082916,62608763,0,363385
El Salvador,2110,2109247904,0,0,99533,8209399,156530,0,0,73642275,0,2193255,0,732059,1714410,0,0,0,0,0,0,874182,4884364,103153,148332883,125403977,30921476,55323781,1334754580,17651314,1083226,13944010,1279381,7331984,17238973,25560580,38034264,915728,24154155,10610151,33992900,85919574,13210178,216072,9745228,21014329,0,12590540
Lithuania,4510,1986916663,0,0,132859,9684,11211043,0,0,63950,23000,619012,0,58038,39508,0,0,0,2736885,0,167389,550355,14753520,0,0,51670427,2391989,12231998,13577236,173440,28867073,11697884,535896583,544300139,45440014,73362022,6500525,67801,734150,85492285,177454696,67129136,42640017,6344353,3779044,246800608,0,33004772
Angola,7620,1662167957,0,0,0,0,0,0,0,69550,0,0,0,0,0,0,989096704,0,19273471,0,0,0,0,0,0,60349,0,0,900,0,203279,3619,381744376,216663762,0,0,38522,11612661,0,3435168,0,0,0,82549,0,39883047,0,0
Kuwait,5130,1660419456,0,0,0,0,0,0,0,25645,0,156340,0,0,0,0,610463065,0,2238946,0,0,0,920246,0,0,70811,248551,1098,58014,12759,0,55280,987216053,44463136,0,192718,0,3024535,9370688,11867,1417525,14320,286713,12511,3500,155135,0,0
Morocco,7140,1655552695,0,6400,0,163425767,0,0,0,7404015,0,933853,588,290778,2621411,0,0,0,45746280,0,0,42000829,6773119,0,31454,173098859,364701,16399072,262871216,11748907,1661074,3368569,58433,104917387,13039,12002726,43515752,54612,3320032,5064863,247206541,159576197,22677716,143047523,164509138,10841844,0,0
Qatar,5180,1425224707,0,0,0,0,0,0,0,12400,0,0,0,0,1410000,0,3000,0,0,0,0,0,0,0,0,0,0,285947,24046,10299,0,58035,888543759,382829203,20004,766237,7672,99372,136592183,5789227,681808,514767,2162920,110064,59410,5244354,0,20004
Bulgaria,4870,1424998236,0,0,0,4335824,55952004,0,0,13557965,16983,1301634,0,202035,12600,0,0,0,631645,0,0,939367,16217575,110258,14922,53144171,6223845,8343046,79527679,2923690,1865114,5740475,88493990,64408008,71973204,23798090,25119107,66347342,120853136,37219616,169783415,111356243,160524229,9926657,23121093,201013274,0,67593544
Ghana,7490,1233901564,0,0,140980,23668461,13558860,0,0,125117712,0,118122,0,20182,40867,0,721598284,0,60041,0,0,12456123,23045,0,0,98162613,327550,1041509,39707880,151895,16714838,50621,90566713,15599991,231168,28652527,525493,0,33328934,21716,113692,34671,264438,437195,0,11165443,0,60000
Oman,5230,1200478014,0,0,0,59336,0,0,0,67450,0,0,0,10791,284521,0,0,0,0,0,0,393554,583256,0,0,9029587,204886,30985,16090,2494,0,83018,39592450,182545737,117033,311957935,8454914,76512223,235535777,86128775,325974,10369461,7043948,4408913,8507963,218210943,0,117033
Uruguay,3550,1199549930,0,0,0,39920407,9043423,0,0,887759,293263,24953014,3468,21341,0,0,0,0,1669372,566334733,72960642,81547397,4120448,2717883,0,22415013,2123138,2833041,1897182,4096875,87468308,189558838,76630,17939273,2302353,579631,297038,0,10242011,393219,17986692,4537671,2928319,161018,1682818,25557712,0,1060359
Ukraine,4623,1135611419,0,0,143961,99892,4300262,0,0,720175,0,25965569,909741,104396,87302,0,0,0,31006934,0,0,71511533,11154585,26380,13128,85195504,5180932,32730033,23079167,2814839,13140999,5313574,1717366,68458469,6444857,21097746,2913019,533443615,384257,26412602,37630816,42454859,15832873,4751864,26177308,34392862,0,675001
Tunisia,7230,1115501215,0,0,0,24148478,0,0,0,332288,0,33000,0,3531,1963604,0,0,0,1663188,0,0,474820130,0,0,0,15743020,437996,4767267,93375157,12885080,5858576,1298730,16486680,70787358,9895,25734883,8699716,35075,9773716,10545670,61940122,138020047,55241943,16432861,37457578,27005626,0,0
Bahrain,5250,1091142772,0,0,0,0,0,0,0,0,60000,8890,0,0,0,0,0,0,0,0,0,0,5438687,0,0,3294881,21809,53774901,1097102,11862,5861,762062,201628863,523860,0,36265654,25850702,58099,615941904,86396217,1520723,115415,2086417,252550,116500,55909813,0,0
Iceland,4000,1062685856,0,0,0,0,0,0,0,0,220180,442750,0,0,54970552,0,0,0,2872967,137191,0,26627451,171416,0,0,294343351,35916927,1218852,97505,35050,20963,443037,0,15617051,301262123,1418738,165964,32518206,66195,622216,25553806,2851632,12316879,186158,790186,251798510,0,288483959
Estonia,4470,1044267441,0,0,2159269,31801,0,0,337196,38053,13503,285135,0,2959595,41140,0,0,0,7368885,0,0,11604,3656266,0,0,16392978,2140353,6933964,2473912,185544,75217984,954881,57896,71154919,306340,8612452,875444,1334362,19583481,14847018,564334701,93872652,67955118,6404778,3426610,70299607,0,286743
Cote d'Ivoire,7480,1009788374,0,0,0,52741296,0,0,0,333863475,0,26211,0,1820568,0,0,0,0,0,0,0,2453,2471,0,0,427691732,4200,48235,58169,14259,6265988,5577,0,3657890,94000,175562947,17443,0,0,74593,74563,1522044,764450,1802587,2960,3670263,0,1849497
Croatia,4791,983498831,0,0,0,1964974,0,0,0,2476863,0,865012,0,0,1022149,0,0,0,52490,0,554263,793388,176774,0,74833,83321947,3013385,267527,6857289,12371933,5065293,1315987,0,31093746,347578439,13409379,10352689,242994,6613145,135369840,31147717,171473203,82278117,11409504,6273868,16062083,0,163546111
Bahamas,2360,815392805,0,0,0,0,0,0,0,0,9000,615779,0,0,681123,0,0,0,47304700,0,0,0,0,0,0,101720940,30444,7130,24684,15762,0,49940,598685277,54459739,3000,37597,10785,359437,5002681,219026,594290,226912,1366991,283572,487355,3196641,0,0
Laos (Lao People's Democratic Republic),5530,805809416,0,0,0,0,0,0,0,206200,0,54360,0,12968,0,0,0,0,23643507,0,0,0,0,140911,0,3171,161842,2082461,53659908,22509184,529471,171062,0,18957784,0,965696,123716,0,410439,77852,538077600,8379342,164427,0,74200,135403315,0,0
Serbia,4801,774645662,0,0,0,1053774,3315,0,0,855293,0,1234790,0,0,0,0,0,0,21206,0,0,423438,75861,15541,0,92068842,2335222,2893790,8080051,2773615,1420072,3714768,0,6425781,17330,191212136,37082488,2667200,17603714,106481567,25616538,101044054,91174127,49197130,10336191,18817828,0,0
Madagascar,7880,727121365,0,0,0,2161565,0,0,0,106700974,0,348156,0,384541,205763,0,0,0,68503763,0,0,10543,0,0,0,9855219,0,584470,358342264,4395590,8259734,18507,129200,7187581,34364,84567,557120,0,90115902,321569,113569,0,110263,18489,0,68677652,0,0
Kenya,7790,701755871,0,0,289375,26527879,794116,0,0,69284673,0,2039304,5850,84977,977792,0,0,0,16602892,0,0,5726690,0,4479,0,13800134,241767,124007,533136797,602496,369559,127619,3388,8678908,167189,218208,679371,0,1255211,3186780,1191621,136947,1302444,800301,206770,13188327,0,17699
Burma (Myanmar),5460,667550609,0,0,0,2830051,0,0,0,721357,0,0,0,364650,0,0,0,0,0,0,0,0,0,58300,0,43653825,134330,19629842,264625563,189327196,1834730,366226,0,242428,5593,22887513,129797,0,2188116,560721,68041843,5367510,950911,481532,2509414,40639161,0,0
Haiti,2450,617119528,0,0,14504,26300,5000,0,0,1778402,0,4095,928,186584,216704,0,0,0,38456,0,0,987339,3550,321520,0,1329841,5936311,6995809,584271603,243938,34131,239427,0,5658465,0,300217,41910,0,1043132,449108,271917,897126,170417,10200,0,5642594,0,0
Latvia,4490,610748111,0,0,0,682550,0,0,1400521,100410,21124,154293,0,5287775,68331,0,0,0,16931127,0,0,11180,1335476,0,0,30714584,90837921,5682355,2624925,406342,147417566,3056403,157361,4228912,172215,1890135,27699536,2471176,2657119,15516144,98632968,34593942,58423728,7161498,761798,49648696,0,81150
Luxembourg,4239,561111704,0,0,0,0,0,0,0,0,294707,0,0,0,0,0,0,0,0,0,0,0,0,0,0,318162,287945,59468097,57295,39899,4778383,760636,0,33195029,6625,37561459,4879493,167078842,47201198,80079373,13754600,9310848,68646052,18434019,12790503,2168539,0,6625
Botswana,7930,494898404,0,0,0,0,0,0,0,0,0,0,0,0,0,0,0,0,62969641,0,0,0,0,0,0,0,2500,0,0,0,7040,23389,0,0,0,6670,55364,0,0,0,4120,175286,150478,170694,0,431333222,0,0
Bolivia,3350,484995952,0,0,32964718,43260052,2704556,0,0,5333639,0,4038383,0,0,0,0,0,0,37855180,343756,0,12933,0,0,8909811,5376749,223871,40587,5248277,533937,16423815,231509,0,17400279,0,11602,578319,0,284187054,24646,2587701,140639,886556,120595,21640,15535148,0,0
Ethiopia,7749,388591688,0,0,188678,934989,10133335,0,0,167157745,0,372103,0,770321,0,0,0,0,612236,0,0,23626430,0,0,0,10967538,306072,848969,164233332,2676069,38355,31459,0,69943,9087,289984,2012397,0,6009,8500,103374,844132,22153,0,6769,2321709,0,0
Panama,2250,381198059,0,0,0,21917448,0,0,0,6040883,44000,352179,0,3099,66808920,0,0,0,1767754,0,0,2593985,0,0,40681296,26780980,5407648,6586085,396250,3347250,1545710,1301091,394191,7368727,1350610,7626775,743986,393547,93550618,1554000,45689878,10960251,7529026,1653790,375122,16432960,0,1329400
Paraguay,3530,342632629,0,0,17220,167604,62391853,0,0,1413675,0,40669349,0,0,2321,0,0,0,0,72977250,0,2043510,0,16398,35879025,13069286,189310,665049,10644562,3955910,9464670,45950,0,28599816,0,85530,10872,4857360,41576377,46908,333418,11324034,277251,123171,255374,1529576,0,0
Jamaica,2410,339788352,0,0,2400,46803953,42101,0,55000,6651622,0,3200,0,19855,0,0,0,0,58684619,0,0,790551,6212203,0,3724761,92507003,42281832,266869,17619,5410,108557,30133,10894863,28142230,7730,1323753,3000,0,38184128,128153,1103390,1191910,278353,77599,21109,224446,0,7730
"Congo, Democratic Republic of the Congo (formerly Za",7660,321925869,0,0,0,12804,0,0,0,4851433,0,224637,0,0,54651,0,0,0,1144755,0,0,36327,0,0,0,7067430,24150,950,3000,500,5896536,7650,0,7240,18569,951237,67798,0,296255044,5587,48074,10020,163829,180584,8179,4884885,0,0
Namibia,7920,303576996,0,0,0,106050,0,0,0,34738,0,1427421,0,6614,53907,0,0,0,97579955,7830,0,0,0,0,0,2675658,14147,82997,20113,35712,19592,105082,0,3788270,0,32578,14402006,0,15239,36053,411350,370159,529327,322502,364947,181134749,0,0
Lesotho,7990,257699666,0,0,0,0,0,0,0,33415,0,0,0,0,0,0,0,0,51474665,0,0,0,0,0,0,792639,0,0,151369811,0,0,6304,0,0,0,0,0,0,0,0,0,1013826,0,0,0,53009006,0,0
Fiji,6863,252869525,0,0,0,2600059,0,3497,0,22268030,0,0,0,51154,7501261,0,0,0,0,0,0,81856,288209,0,10973443,57053256,141696772,223619,151993,52924,6858143,30098,0,1554909,6943,14271,0,0,0,142425,99842,2968,57270,31551,105396,1019636,0,0
Lebanon,5040,251831419,0,9000,0,228235,603509,0,0,2271751,0,48182,0,4116,0,0,0,0,3000,66077,0,17412605,70200,139935,1285158,37501234,7421872,327109,12019220,291940,1136324,1582380,0,65316966,9842,466764,2739656,12734,610657,3105358,8275558,2881239,6623192,293332,0,79074274,0,7714
Faroe Islands,4091,248858910,0,0,0,0,0,0,0,0,0,0,0,0,151060604,0,0,0,0,0,0,0,0,0,0,97097493,0,9410,2156,1374,0,51585,0,0,0,302547,0,0,0,0,128194,7901,80898,41500,0,75248,0,0
Liechtenstein,4411,235679383,0,0,0,0,0,0,0,0,0,0,0,0,0,0,0,0,55425,0,0,0,0,0,0,0,0,3262886,8338,2274,30623,34904,0,52161654,0,868071,8402562,80836,749333,69096039,23949606,4286341,14249076,11895898,0,46545517,0,0
Brunei,5610,230680267,0,0,0,0,0,0,0,0,0,0,0,0,0,0,0,0,0,0,0,0,0,0,0,52074,0,23324,4319606,9545,296881,82934,42917856,173948418,0,1814,3030,5346471,0,1702671,66710,131666,1636396,51508,15232,74131,0,0
Mauritius,7850,229190723,0,0,0,117438,0,0,0,311525,0,85533196,0,0,1114925,73080,0,0,2994,0,0,0,0,0,15273557,35734276,66986,52931,42445408,3207265,215620,486817,0,1460493,1919019,56768,32984,5806,34677,1147877,2953678,569961,93899,0,0,36279543,0,49345
Cameroon,7420,213060101,0,0,0,76632,0,0,0,207650,0,435038,0,9635,0,0,103535483,0,13359,0,0,28441,0,4475,0,58800651,970563,116636,65249,57959,34449366,32514,0,42437,390354,7054641,24075,0,67376,266649,3400404,169058,253101,47563,7098,2533694,0,6141
Mozambique,7870,212309306,0,0,0,343488,0,0,0,497984,0,0,0,2123,111394,0,0,0,57824853,0,0,0,0,0,24009269,1221808,4768034,18664,679,11484,167373,682787,0,262292,0,439,0,0,66765,1107909,336447,277580,232539,365608,0,119999787,0,0
Senegal,7440,202033560,0,0,228815,0,0,0,0,26383,0,1400,0,0,721333,0,43676370,0,27156728,0,0,8191,0,0,0,54053378,0,120166,1558381,266980,163047,28066,1837878,16422341,2300,6339,0,0,0,150451,216826,61353,210425,630283,6431,54479695,0,2300
Gabon,7550,198661592,0,0,0,0,0,0,0,0,0,0,0,0,0,0,92521638,0,60583008,0,0,0,0,0,0,11960,52254,0,7236,0,21117671,17553,19821716,1338111,0,284,7844,0,227605,103863,377092,15191,442251,18850,0,1997465,0,0
Malta,4730,194784891,0,0,0,62382,0,0,0,44623,0,0,0,0,0,0,0,0,0,0,0,0,0,0,0,177876,0,3154419,972014,21126,161196,2453219,0,2951813,11661774,15672137,440183,2083,615022,353173,111814220,20654919,18522223,516256,500404,4033829,0,5435203
Tanzania (United Republic of Tanzania),7830,194590714,0,0,0,2440674,102938,0,0,41917879,0,1813469,0,0,1009638,0,0,0,1333016,0,0,5688,0,37130,0,8205777,7906827,7548,79272031,7331,6535141,63683,0,1761608,0,15739,65383,0,4000,104243,27634,1686718,376089,23858,221000,39645672,0,0
Zambia,7940,174085306,0,0,0,0,28910,0,0,9153278,0,795631,0,0,0,0,0,0,9880069,0,0,616676,0,0,0,76750,1078260,21102,2493,26701,3108,7969,0,0,0,0,5000,1282360,26559809,0,23148,47645,273128,254105,0,123949164,0,0
Bosnia and Herzegovina,4793,173057277,0,0,0,20373,4058,0,0,32473,0,0,0,0,0,0,0,0,635645,0,0,0,148018,2088,26255,3074400,877671,1545292,11369742,15966958,1163917,1035397,0,11626475,0,939619,418861,191236,102063,65477304,411778,12798642,17033137,3560808,4330659,20264408,0,0
North Macedonia,4794,168877353,0,0,0,74949,0,0,0,20577406,0,122268,0,0,0,0,0,0,83752,0,0,24107,291501,32278,0,11861557,1633695,903965,3049282,97836,15677,156991,0,499976,0,1340276,876063,375177,0,6666250,7761108,19830633,6514096,70544900,170808,15372802,0,0
Georgia,4633,160915364,0,0,0,8033,0,0,0,182716,0,35779,0,228283,19904,0,0,0,4412,0,0,4320,325315,0,0,5833215,12704144,405031,5119745,386014,1934939,313268,0,15834156,309710,1658739,369391,99382042,19722,1000364,1426865,693814,3335582,7081032,254793,2044036,0,0
Uganda,7780,129336921,0,0,25938,461104,1078000,0,0,100371874,0,4900,0,0,69421,0,0,0,1931507,0,0,5366031,7321000,11242,0,10991893,56840,10374,2831,42369,260786,50730,0,237903,153106,7802,0,0,29000,2750,255431,33361,106093,0,0,454635,0,13948
Albania,4810,127037506,0,0,0,115486,0,0,0,19369387,0,24790,0,0,887568,0,0,0,36615,0,0,1243575,1182921,55953,0,2775243,755942,124062,11058824,3786182,154854,2748941,0,4446363,0,1006236,109794,64719108,106908,6067577,205206,1096503,202053,1109234,483718,3164463,0,0
Armenia,4631,125410329,0,31962,31321,56059,28968,0,0,92772,0,316724,0,0,77509,0,0,0,2123824,0,0,23051,1939251,9524,5371,6335370,9993899,187670,7759478,262207,387341,95860,0,999970,2637,291854,219129,0,2037827,214725,631967,161520,268230,14647,0,90809662,0,0
Equatorial Guinea,7380,123121001,0,0,0,0,0,0,0,0,0,0,0,0,0,0,0,0,0,0,0,0,0,0,0,0,0,0,648,0,0,0,122837811,0,0,0,0,0,0,0,10000,0,0,80000,192542,0,0,0
Moldova (Republic of Moldova),4641,122643958,0,0,57616,290476,2263376,0,0,85045,0,148427,323,0,36586,0,0,0,2392,0,0,0,0,17427,44384,26265482,48375235,2255720,17329132,4682127,349859,1012063,0,5271993,40098,8780366,113973,0,0,1533515,82670,236403,740596,202013,0,2426661,0,0
Nepal,5360,117489012,0,0,23497,96044,14563,0,16219,718660,0,1597713,2003,3144,2146,0,0,0,0,0,0,4240,69817,2406,0,21822616,193228,65100840,11801301,2417280,906635,1325091,0,1335305,149467,99744,212042,0,0,682708,56370,61634,391572,68482,78670,8235575,0,149467
Azerbaijan,4632,92204941,0,0,0,84930,2294,0,0,10881,0,1804850,0,0,0,0,0,0,5015,37175,0,395296,0,0,2824,1210039,112989,38162,28915,0,926509,471530,0,2030893,0,110437,215055,4161884,60451159,10453826,196450,334643,5266795,3771,574514,3274105,0,0
Togo,7520,89696898,0,0,12442,235358,5385871,0,0,116781,0,2342711,0,0,78078,0,0,0,0,0,0,71636756,0,0,76110,1215653,158276,10186,1651439,9368,2224,0,0,157412,0,22010,0,0,540000,5535,35807,26386,0,29954,0,5948541,0,0
Suriname,3150,86127773,0,0,0,0,0,0,0,0,0,349134,0,0,16505215,0,7500,5000,0,0,0,0,0,0,0,31066961,23542,385,2820,1314,3420635,0,2717083,0,0,376632,0,0,24539255,593259,409351,346387,2883744,2407211,0,472345,0,0
Macao,5660,81603119,0,0,0,207872,0,0,0,3478,0,0,0,0,0,0,0,0,0,0,0,48070,0,0,0,2360412,0,44026,57911249,796251,8161,97163,0,251189,7963601,95712,210262,0,0,588295,426221,2623547,248202,104084,0,7615324,0,314286
Chad,7560,80600190,0,0,0,0,0,0,0,0,0,0,0,3818463,0,0,76437992,0,0,0,0,0,0,0,0,0,0,0,2615,0,0,10000,0,10933,0,249299,0,0,2500,21584,0,0,2883,0,0,43921,0,0
Papua New Guinea,6040,77212317,0,0,0,36400,0,0,0,68473112,0,0,0,0,0,0,0,0,0,0,0,172713,0,0,0,1973603,49614,30492,14625,10294,149204,5400,0,0,0,45154,2935,0,55000,6169,896975,10928,975964,165683,0,4138052,0,0
Belize,2080,73512046,0,0,0,2566142,0,0,0,464055,0,27476,0,13480,1059753,0,0,0,0,0,0,83486,0,0,42458020,17770708,4043916,82869,0,127643,1956440,46450,4225,1022082,6333,22919,213119,0,37800,36499,381318,159319,281509,73063,4500,568922,0,0
Liberia,7650,70945377,0,0,0,0,0,0,0,0,0,0,0,0,0,0,0,0,7048324,0,0,768524,0,0,0,6413,32711,0,5432,0,9579,121663,2400,0,0,61867690,0,0,628040,10080,255035,19140,36663,3600,5000,125083,0,0
Zimbabwe,7960,65888540,0,0,0,0,0,0,0,4457862,0,121451,0,0,0,0,0,0,590774,0,0,74932,0,0,13834438,1087332,40650377,705,386261,1071895,60829,436318,0,39902,0,10550,134464,258403,0,69974,62488,0,20651,0,1568,2517366,0,0
"Congo, Republic of the Congo",7630,53977784,0,0,0,0,0,0,0,0,0,0,0,0,51924,0,0,0,0,0,0,0,0,0,0,736794,0,23390,0,4306,22440111,9983,14654035,3587,0,5400,0,0,12909682,3226,170829,30171,68970,10284,0,2855092,0,0
British Virgin Islands,2482,52698312,0,0,0,0,0,0,0,0,0,0,0,0,0,0,0,0,0,0,0,0,0,0,0,0,5540,0,112436,1840,0,18318,0,0,0,15888,0,0,42128,0,604695,102326,28750,3381,0,51763010,0,0
Cyprus,4910,51275514,0,0,0,20250,0,0,0,46451,0,9068,0,105600,598433,0,0,0,2089482,0,0,866389,11231383,0,0,3118773,932790,21801,18447,14670,0,304712,54434,492543,731959,704995,17439,0,21774,1006500,20664492,433046,5794786,404397,60187,1510713,0,142285
Benin,7610,45537172,0,0,0,12606597,0,0,0,0,0,63248,0,0,0,0,0,0,0,0,0,29182523,0,0,0,434535,0,1374,2792487,0,124919,4466,0,8606,0,0,0,0,0,6747,4780,3450,10000,0,0,293440,0,0
Reunion,7904,43807528,0,0,0,0,0,0,0,0,0,0,0,0,141306,0,0,0,0,0,0,0,0,0,0,43176494,0,81902,2290,0,0,4000,0,4179,13381,91984,0,0,0,0,64680,2619,172973,0,19611,32109,0,0
Monaco,4272,39615025,0,0,0,27544,0,0,0,0,0,11424,0,0,0,0,0,0,0,0,0,0,0,0,0,261699,0,91328,524914,9069,0,7743,0,28658975,0,154182,165550,10868,0,22960,1049377,979808,1374706,214066,8865,6041947,0,0
Malawi,7970,39569010,0,0,0,4901025,0,0,0,10004736,0,0,0,0,0,0,0,0,5687,0,0,132608,0,0,8212760,36946,15918773,45000,1562,6632,135654,4750,0,2400,0,26743,0,0,0,0,11873,64055,14008,0,0,43798,0,0
Barbados,2720,39529682,0,0,0,0,0,0,0,367075,20000,273788,0,0,651101,0,0,0,0,0,0,27748,0,0,0,3073696,21608493,574008,257552,806995,9295,964633,36410,15191,0,13297,39126,85667,1842809,59041,3269432,58344,259248,0,2936,5213797,0,0
Cayman Islands,2440,36514178,0,0,0,88605,0,0,0,32895,0,0,0,0,0,0,0,0,7888,0,0,0,0,0,0,0,22896,5000,750,7326,2284,61489,0,23600,0,7176,3500,1278079,1769255,14929,15048684,17354295,368622,4802,9000,403103,0,0
Uzbekistan,4644,34690465,0,0,0,1602083,0,0,0,1934111,0,523612,0,0,0,0,0,0,0,0,0,278256,53702,0,0,4269302,181341,361493,922422,7415,5000,95588,0,2489499,10297,498474,456352,0,18209810,614162,406526,332582,226879,8189,46349,1157021,0,0
Kosovo,4803,33992066,0,0,0,139554,0,0,0,17455,0,418498,0,0,0,0,0,0,6052,0,0,3064,0,0,0,1153962,500609,1087295,1063344,175771,309447,3143,0,0,0,695704,255547,0,0,8109220,11900,16573,233129,225066,0,19566733,0,0
New Caledonia,6412,33250403,0,0,0,0,0,0,0,0,0,0,0,0,105625,0,0,0,447196,0,0,0,0,0,0,1504229,0,0,29623,10820,0,0,0,253866,19260,64784,3640,29810898,0,34153,78746,132634,312351,335442,2721,104415,0,19260
French Polynesia,6414,32956254,0,0,0,0,0,0,0,179751,0,0,0,0,17820851,0,0,0,0,0,0,13484,0,0,0,1694143,18793,16442,24313,2531,0,6318,0,1421064,0,33978,43989,0,644256,25413,307231,877480,118663,10413,263146,9433995,0,0
Greenland,1010,31746106,0,0,0,0,0,0,0,0,0,0,0,0,199857,0,0,0,0,0,0,0,0,0,0,31155659,0,0,0,2430,0,0,0,76309,0,26711,0,0,0,0,28270,68527,7186,0,5832,175325,0,0
Rwanda,7690,29789274,0,0,11250,53783,0,0,0,18181505,0,0,0,0,0,0,0,0,0,0,0,8098,0,0,0,5214476,45132,110613,412386,1402836,201716,5067,0,44979,4600,2580,0,0,3556204,0,121930,9027,15350,24470,0,363272,0,0
Sierra Leone,7470,27510693,0,0,0,3812,0,0,0,0,0,39000,0,0,2200,0,0,0,13686238,0,0,1452836,4350,0,0,3216978,0,6368,42285,18461,352514,22717,0,199395,0,368073,40412,7380,143170,257172,1067672,1094381,1847589,427100,326882,2883708,0,0
Mongolia,5740,23986284,0,0,0,14627322,0,0,0,5231,0,307650,1391,93480,0,0,0,0,708935,0,0,0,3132,0,0,69947,3248,474664,3567675,58099,259349,7063,0,8632,0,810295,0,0,0,18524,69594,303584,162312,383572,1759000,283585,0,0
Eswatini,7950,22297265,0,0,2004,0,0,0,0,0,0,128611,0,0,0,0,0,0,0,0,0,0,0,0,10256827,4379604,0,147678,3603519,2265,13209,36295,0,1405143,13052,78430,143219,0,0,263157,852755,231826,634137,12427,0,93107,0,0
San Marino,4751,22295265,0,0,0,0,0,0,0,0,0,0,0,0,0,0,0,0,0,0,0,0,0,0,0,807366,0,6444,273022,14956,8677,816846,0,28941,0,561926,1269842,0,1132395,1192373,101258,202359,14419924,96228,6350,1356358,0,0
Falkland Islands (Islas Malvinas),3720,22215901,0,0,0,0,0,0,0,0,0,0,0,0,0,0,0,0,0,0,0,0,0,0,0,19743512,0,0,0,0,0,0,0,0,0,3262,0,0,0,0,2580,2995,2455270,0,0,8282,0,0
Afghanistan,5310,21819973,0,0,2197,3474585,19862,0,0,1951237,0,2250,0,0,0,0,0,0,134044,0,0,69929,34528,2272,21343,8128039,1173807,4091597,95675,9547,0,33552,0,138151,0,21239,6750,0,0,108909,54226,69880,27860,3728,0,2144766,0,0
Curacao,2777,21349104,0,0,0,0,0,0,0,0,0,0,0,0,0,0,0,0,0,0,0,0,0,0,0,0,194080,0,0,0,0,0,9548021,135816,0,39994,0,27476,4802076,105460,678405,4612839,1122613,20624,2400,59300,0,0
Belarus,4622,19504820,0,0,0,0,0,0,0,0,0,149479,0,52151,0,0,0,0,0,0,0,0,923249,0,29928,6771629,67758,2129723,232308,45379,283120,1529428,2665,933564,6500,460345,15711,6989,568154,3583552,1231255,174502,8750,0,3678,295003,0,0
Marshall Islands,6810,18419624,0,0,0,0,0,0,2400,0,0,0,0,0,10338158,0,0,0,22743,0,0,0,0,0,0,7172278,0,64000,4665,5300,34100,0,0,18641,0,231271,63004,0,0,145349,7140,116427,4000,0,8000,182148,0,0
Kyrgyzstan,4635,16000840,0,0,0,43138,0,0,0,14587,0,280187,0,0,0,0,0,0,0,0,0,5488,0,10000,0,1015181,73076,115173,57005,801917,14291,45511,0,430098,0,58732,0,0,0,1756175,2029572,141875,585404,7153265,3702,1366463,0,0
Saint Kitts and Nevis,2483,14788294,0,0,0,0,0,0,0,0,0,126000,0,0,0,0,0,0,0,0,0,0,0,0,0,136470,803130,0,5784,389,0,42770,0,2036,0,1917,0,0,111163,109230,5730676,6509282,166019,0,0,1043428,0,0
Antigua and Barbuda,2484,13825722,0,0,0,0,0,0,0,0,0,0,0,0,0,0,0,0,54800,0,0,0,0,0,0,65600,168613,65143,5230,2070,0,215342,0,3581,0,5961,13457,7805,1585351,5243,251356,59578,22191,40055,0,11254346,0,0
Vanuatu,6224,13661742,0,0,0,649978,0,0,0,10922192,0,0,0,0,0,0,0,0,0,0,0,21122,0,0,0,1763670,0,0,1937,2419,27349,0,0,0,0,0,0,0,0,12453,0,15775,0,0,0,244847,0,0
Sudan,7321,13117099,0,0,0,0,0,0,0,0,0,0,0,13114399,0,0,0,0,0,0,0,0,0,0,0,0,0,0,0,0,0,0,0,0,0,0,0,0,0,0,0,0,0,0,0,2700,0,0
Grenada,2489,12997257,0,0,0,590117,0,0,0,4375,0,0,0,0,7038619,0,0,0,0,0,0,0,0,0,0,3105780,7664,0,5984,11424,0,0,0,2109,0,31848,0,27284,1951778,0,45473,71210,25939,4199,6319,67135,0,0
Montenegro,4804,12621328,0,0,0,24955,0,0,0,0,0,14400,0,0,0,0,0,0,0,0,0,0,0,0,0,41400,4554834,5280,1829,48000,214788,85467,0,315156,0,125280,15544,0,0,68163,4044551,518319,1275135,805912,254592,207723,0,0
Turkmenistan,4643,11461914,0,0,0,0,0,0,0,0,0,0,0,0,0,0,0,0,0,0,0,0,0,0,0,0,0,9251,6902,521,0,0,0,10023566,0,29561,0,0,0,0,117038,156832,182224,0,0,936019,0,0
Syria (Syrian Arab Republic),5020,9896773,0,0,0,2875,5962,0,0,1715008,0,0,0,0,0,0,0,0,0,0,0,171789,66251,0,0,2669696,0,11853,15292,1148,25827,23293,0,16823,0,8470,1013090,0,0,46203,55882,7668,124200,0,2300,3913143,0,0
Saint Helena,7580,9741350,0,0,0,0,0,0,0,0,0,0,0,0,0,0,0,0,0,0,0,0,0,0,0,8554977,0,2979,0,0,0,0,0,38889,0,4804,0,0,0,0,848991,134695,45142,0,57756,53117,0,0
Yemen (Republic of Yemen),5210,8732058,0,0,0,5400,0,0,0,2787144,0,100371,0,0,0,0,0,0,54195,0,0,79892,242739,0,0,3019226,565403,105903,24891,2950,7182,2600,0,57319,0,5167,29754,0,0,73730,4015,29384,14749,215021,0,1305023,0,0
Seychelles,7800,7148556,0,0,0,0,0,0,0,0,0,0,0,0,3381058,0,0,0,0,0,0,0,0,0,0,0,0,24254,11244,52863,18506,0,0,187301,0,199915,124770,0,40504,27398,1577622,55599,473046,107780,91840,774856,0,0
Iran,5070,6200498,0,0,0,26356,0,0,0,0,0,0,0,0,0,0,0,0,0,0,0,0,0,0,0,0,1116112,1561,0,0,0,356716,0,5729,0,504,0,0,0,0,0,0,0,0,0,4693520,0,0
Saint Vincent and the Grenadines,2488,5966011,0,0,0,12782,0,0,0,0,0,0,0,0,116515,0,0,0,0,0,0,0,0,0,0,1900166,70799,0,2075,671,0,5000,0,0,0,15147,0,18604,3054875,0,7037,58735,47395,12496,0,643714,0,0
Timor-Leste,5601,5834738,0,0,0,0,0,0,0,3656774,0,0,0,0,0,0,0,0,0,0,0,171600,0,0,0,932055,0,0,781,0,0,0,0,0,0,496597,0,0,0,100800,295292,160028,15026,0,0,5785,0,0
West Bank administered by Israel,5083,5585929,0,0,0,2058982,0,0,0,413329,0,0,0,3320,0,0,0,0,0,0,0,1301865,49500,0,0,799878,124056,0,0,149784,54000,0,0,376575,0,0,41594,0,0,0,0,0,0,14241,0,198805,0,0
Guinea,7460,5584979,0,0,9900,251054,0,0,0,10826,0,12185,0,0,24000,0,0,0,163917,0,0,176237,0,0,0,321672,1061038,11364,23450,8523,0,25026,0,2557,0,2033257,0,0,75178,257225,94437,73871,88118,639826,3542,217776,0,0
Samoa (Western Samoa),6150,5516357,0,0,0,269490,0,0,0,45402,0,0,0,0,0,0,0,0,0,0,0,3633378,0,0,0,146567,0,0,13753,1026,5400,46502,0,0,0,147090,0,0,6097,10401,4552,0,5065,0,22911,1158723,0,0
Saint Lucia,2487,5159211,0,0,0,3216,0,0,0,53343,0,4560,0,497224,915253,0,0,0,0,0,0,0,0,0,0,521519,525697,0,2000,0,0,0,4500,0,4721,2534,0,17300,1929312,0,44693,147992,0,0,349591,135756,0,0
Montserrat,2485,5092051,0,0,0,0,0,0,0,0,0,0,0,0,0,0,0,0,95538,0,0,0,0,0,0,0,0,7774,0,2916,0,0,0,4851,0,48602,0,0,0,93514,3301039,1015174,386011,63081,0,73551,0,0
Turks and Caicos Islands,2430,4993683,0,0,0,0,0,0,0,0,0,0,0,0,0,0,0,0,0,0,0,0,0,0,0,3254035,0,0,1982,1193,0,0,0,0,0,56644,5732,232700,243823,18903,171323,107901,641341,147075,7300,103731,0,0
Cuba,2390,4835751,0,0,0,0,0,0,0,0,0,0,0,0,0,0,0,0,0,0,0,0,0,0,0,0,0,0,0,0,0,0,0,0,0,9095,0,0,0,0,0,0,0,0,0,4826656,0,0
Mali,7450,4808065,0,0,5100,349927,0,0,0,0,0,4800,0,2593559,0,0,0,0,0,0,0,15032,0,0,0,96080,0,22609,39246,16690,3000,106432,0,93028,0,28621,0,0,0,0,255303,208425,248332,173967,0,547914,0,0
Niger,7510,4417602,0,0,0,0,0,0,0,782232,0,0,0,0,0,0,0,0,67851,0,0,0,0,0,0,0,0,0,3563,11065,8139,16507,0,146960,20846,38794,8051,0,0,79441,326744,508561,1803768,3000,335942,256138,0,30846
Tajikistan,4642,4348677,0,0,0,0,0,0,0,2064,0,71285,0,0,0,0,0,0,0,0,0,0,0,0,0,126846,0,0,1535,0,12206,13160,0,28748,0,3500,0,0,3443140,0,83340,70652,0,29800,0,462401,0,0
Burkina Faso,7600,4347200,0,0,0,3722478,0,0,0,0,0,0,0,0,0,0,0,0,0,0,0,100866,0,0,0,5634,0,5525,9616,1410,0,5507,0,17867,0,2164,3520,0,0,11556,32348,9592,55927,249390,0,113800,0,0
Niue,6144,4243989,0,0,0,0,0,0,0,0,0,0,0,0,0,0,0,0,0,0,0,0,0,0,0,0,0,15541,645,0,0,0,0,0,0,20887,2736222,0,2140,46107,0,38668,4871,0,0,1378908,0,0
Maldives,5683,3870003,0,0,0,0,0,0,0,0,0,0,0,0,1587388,0,0,0,0,0,0,0,0,0,0,1992646,0,3041,10936,0,0,0,0,21479,0,2394,0,0,0,3000,43245,0,7700,193406,0,4768,0,0
Cabo Verde,7643,3765353,0,0,0,0,0,0,0,0,0,0,0,0,2052,0,0,0,0,0,0,0,0,0,0,2592632,595803,0,432,280,15782,0,0,0,0,5094,9316,0,0,32873,12312,24673,419307,0,0,54797,0,0
Burundi,7670,3721138,0,0,0,0,0,0,0,3324287,0,0,0,0,0,0,0,0,0,0,0,0,0,0,0,32380,0,266,338246,0,0,16232,0,3750,0,0,0,0,0,0,0,0,2477,0,0,3500,0,0
Andorra,4271,3292795,0,0,0,0,0,0,0,0,0,0,0,0,0,0,0,0,0,0,0,0,0,0,0,2912,0,511,0,1425,0,225003,0,584,0,17850,0,0,11165,184945,1703345,47334,29583,3723,24995,1039420,0,0
Bhutan,5682,3198524,0,0,0,0,0,0,0,0,0,0,0,0,0,0,0,0,0,0,0,0,0,0,0,4200,17649,1600,982,28686,0,6085,0,0,0,3872,2595,3016304,0,2040,0,300,0,0,0,114211,0,0
Bermuda,2320,2895982,0,0,0,0,0,0,0,0,15000,3000,0,0,0,0,0,0,0,0,0,0,0,0,0,0,671113,26170,0,0,6000,0,335000,143389,2508,65636,5645,0,494879,34993,362301,88262,318693,14044,30000,279349,0,0
Mauritania,7410,2670634,0,0,0,14040,0,0,0,0,0,0,0,0,13923,0,0,0,0,0,0,0,0,0,0,849011,0,0,163596,15910,0,704533,0,4776,10980,3847,4168,0,0,0,48295,103335,4255,0,500000,229965,0,0
Sint Maarten,2774,2550464,0,0,0,0,0,0,0,0,0,62360,0,0,0,0,0,0,0,0,0,0,0,0,0,0,72485,3275,2922,2080,0,0,0,0,0,35371,0,46020,1220122,21847,131568,648353,20700,8213,35000,240148,0,0
Aruba,2779,2508573,0,0,0,0,0,0,0,0,0,0,0,0,0,0,0,0,0,0,0,0,0,0,0,0,0,300,789,6097,4000,18088,0,1121496,0,21600,47460,0,659239,21183,331931,24655,63442,44992,4300,139001,0,0
Somalia,7700,2422635,0,0,0,19605,0,0,0,0,0,0,0,486317,0,0,0,0,0,0,0,189075,0,0,0,0,0,18345,2368,0,0,2900,0,52166,0,19049,100979,0,3197,17498,51785,289922,273601,481225,0,414603,0,0
Tonga,6864,2361178,0,0,0,94430,0,0,0,195917,0,0,0,3048,595548,0,0,0,0,0,0,0,0,0,0,35008,0,23388,23410,2868,3440,149280,0,0,0,426572,29832,0,0,56557,86729,214152,152787,0,0,268212,0,0
Nauru,6862,2201715,0,0,0,0,0,0,0,0,0,0,0,0,0,0,0,0,0,0,0,0,0,0,0,0,0,627,130972,7313,0,0,0,119872,0,106666,67765,0,0,437912,78290,26495,164571,13583,11585,1036064,0,0
"Micronesia, Federated States of",6820,1929983,0,0,0,47125,0,0,0,0,0,0,0,0,140369,0,0,0,0,0,0,0,0,0,0,44098,0,77202,18539,8909,9867,8343,0,71315,10674,146669,34176,0,10000,42396,49534,132866,6608,0,0,1071293,0,0
Gambia,7500,1911973,0,0,18555,18294,0,0,0,10643,0,4050,0,0,0,0,0,0,972134,0,0,82076,0,0,0,581103,0,263,2323,0,0,2222,0,69920,0,425,0,0,30000,9217,98779,5000,4469,0,0,2500,0,0
French Guiana,3170,1788314,0,0,0,0,0,0,0,0,0,0,0,0,0,0,0,0,0,0,0,0,0,0,0,1535137,0,0,613,0,0,0,0,6043,0,0,0,0,0,190079,13414,7540,29650,0,2973,2865,0,0
Guadeloupe,2831,1780919,0,0,0,0,0,0,0,0,0,0,0,0,0,0,0,0,0,0,0,0,0,0,0,0,60208,3516,41638,47245,0,50088,0,2823,0,6872,6340,0,405158,67185,276955,18220,133977,6976,357429,296289,0,0
Comoros,7890,1736043,0,0,0,0,0,0,0,1317196,0,0,0,0,0,0,0,0,0,0,0,0,0,0,0,67334,0,71730,1246,0,0,0,0,193105,61962,2308,7728,0,0,5034,0,0,0,0,0,8400,0,0
Mayotte,7881,1705897,0,0,0,197035,0,0,0,0,0,0,0,0,0,0,0,0,0,0,0,0,0,0,0,87150,12234,0,129065,0,0,5731,0,0,12468,70113,10325,7997,0,17771,0,575583,424918,2561,0,152946,0,0
Djibouti,7770,1622746,0,0,27510,0,0,0,0,501167,0,0,0,0,156778,0,0,0,0,0,0,0,0,0,0,340221,0,0,54071,0,0,0,0,0,0,1385,0,0,0,17623,328429,109859,44168,0,3218,38317,0,0
Christmas Island (in the Indian Ocean),6024,1554974,0,0,0,0,0,0,0,0,19835,0,0,0,0,0,0,0,0,0,0,0,0,0,0,0,0,0,1760,1287,0,10461,0,0,0,0,0,0,12870,184033,872527,75237,298524,0,52365,26075,0,0
Dominica,2486,1526687,0,0,0,39685,0,0,0,0,0,0,0,0,4973,0,0,0,0,0,0,0,0,0,0,97203,15120,0,24957,350,0,0,0,301261,0,3744,0,0,489439,0,4378,97726,23448,0,0,424403,0,0
Palau,6830,1416696,0,0,0,0,0,0,0,0,0,0,0,0,459146,0,0,0,0,0,0,0,0,0,0,0,0,0,400,0,0,0,0,0,0,0,0,0,0,0,0,0,190494,0,761308,5348,0,0
Martinique,2839,1294847,0,0,0,0,0,0,0,0,0,0,0,0,0,0,0,0,0,0,0,0,0,0,0,0,896085,0,252,4002,0,12088,0,12424,0,90191,0,0,53990,0,12588,0,11022,0,0,202205,0,0
Central African Republic,7540,1294756,0,0,0,0,0,0,0,0,0,0,0,0,3804,0,0,0,63289,0,0,0,0,0,0,0,0,0,8096,0,401831,0,0,111467,0,0,3794,0,220000,9026,2209,0,113852,159246,0,198142,0,0
Solomon Islands,6223,1179930,0,0,0,3600,0,0,0,470713,0,118356,0,0,185808,0,0,0,0,0,0,0,0,0,0,78138,0,0,0,5817,8353,0,0,119544,0,6041,0,0,0,0,0,6823,0,3074,0,173663,0,0
Anguilla,2481,919678,0,0,0,0,0,0,0,0,0,0,0,0,0,0,0,0,0,0,0,0,0,0,0,0,235930,2056,535,164637,0,0,0,53405,0,68858,55328,5598,142204,0,0,58044,3666,0,108000,21417,0,0
South Sudan,7323,799325,0,0,0,0,0,0,0,0,0,0,0,583600,0,0,0,0,0,0,0,0,0,0,0,0,9614,0,0,2624,0,38161,0,0,0,0,0,0,0,0,0,0,17747,0,0,147579,0,0
Kiribati,6226,736703,0,0,0,0,0,0,0,0,0,0,0,0,624181,0,0,0,0,0,0,0,0,0,0,40610,0,21160,410,0,0,0,0,0,0,0,0,0,0,0,0,29478,4013,0,0,16851,0,0
Eritrea,7741,703039,0,0,0,0,0,0,0,0,0,0,0,0,0,0,0,0,0,0,0,0,0,0,0,0,134386,0,31349,814,0,5219,0,32733,0,264,0,0,0,110538,0,0,370438,8343,2800,6155,0,0
Cocos (Keeling) Islands,6023,641358,0,0,0,0,0,0,0,0,0,0,0,0,0,0,0,0,0,0,0,0,0,0,0,0,0,9349,18714,275,0,63365,0,45202,0,1433,0,0,19083,3925,188624,63696,35582,170786,0,21324,0,0
Sao Tome and Principe,7644,520976,0,0,0,0,0,0,0,0,0,0,0,0,0,0,0,0,0,0,0,0,0,0,0,72368,0,0,0,0,0,4323,2145,0,0,9447,35381,0,0,10537,155325,48552,23844,7195,151859,0,0,0
British Indian Ocean Territory,7810,456040,0,0,0,0,0,0,0,0,0,0,0,0,0,0,0,0,0,0,0,0,0,0,0,110377,0,0,0,680,0,14422,0,0,0,1323,0,0,0,8503,267647,4920,2204,7569,2876,35519,0,0
Cook Islands,6142,251835,0,0,0,0,0,0,0,0,0,0,0,0,0,0,0,0,0,0,0,0,0,0,0,0,0,0,15739,0,0,8808,0,0,0,800,2655,0,0,3002,53933,52323,25057,0,0,89518,0,0
Gibraltar,4720,212107,0,0,0,0,0,0,0,0,0,0,0,0,0,0,0,0,0,0,0,0,0,0,0,0,0,3343,700,10190,0,2656,0,0,0,0,0,0,0,0,0,26330,0,18285,145268,5335,0,0
Tuvalu,6227,204550,0,0,0,0,0,0,0,0,0,0,0,0,0,0,0,0,0,0,0,0,0,0,0,0,0,2433,0,788,0,0,0,0,0,0,0,0,0,43670,9045,0,5456,0,0,143158,0,0
Holy See (Vatican City),4752,150121,0,0,0,0,0,0,0,0,0,0,0,0,0,0,0,0,0,0,0,0,0,0,0,0,0,0,0,0,0,0,0,0,0,0,24557,0,0,0,0,0,0,0,0,125564,0,0
Guinea-Bissau,7642,112164,0,0,0,0,0,0,0,0,0,0,0,0,0,0,0,0,0,0,0,0,0,0,0,0,0,21541,5700,5340,0,0,0,0,0,0,0,0,0,0,76797,0,2786,0,0,0,0,0
Gaza Strip administered by Israel,5082,42673,0,0,0,0,0,0,0,0,0,0,0,0,0,0,0,0,0,0,0,0,0,0,0,0,0,0,0,0,0,0,0,0,0,0,0,0,21682,0,9253,0,0,0,0,11738,0,0
Svalbard and Jan Mayen,4031,40588,0,0,0,0,0,0,0,0,0,0,0,0,0,0,0,0,0,0,0,0,0,0,0,0,0,0,0,0,0,0,0,0,0,0,0,0,0,0,9616,0,25130,2307,3535,0,0,0
French Southern and Antarctic Lands,7905,24566,0,0,0,0,0,0,0,0,0,0,0,0,0,0,0,0,0,0,0,0,0,0,0,0,0,0,907,0,0,0,0,0,0,1318,0,0,0,4339,3663,0,2339,0,0,12000,0,0
Wallis and Futuna,6413,23491,0,0,0,0,0,0,0,0,0,0,0,0,0,0,0,0,0,0,0,0,0,0,0,0,0,0,0,0,0,0,0,0,0,0,0,0,0,23491,0,0,0,0,0,0,0,0
Tokelau,6143,8869,0,0,0,0,0,0,0,0,0,0,0,0,0,0,0,0,0,0,0,0,0,0,0,0,0,0,0,0,0,0,0,0,0,5470,0,0,0,0,3399,0,0,0,0,0,0,0
Pitcairn Islands,6225,5787,0,0,0,0,0,0,0,5787,0,0,0,0,0,0,0,0,0,0,0,0,0,0,0,0,0,0,0,0,0,0,0,0,0,0,0,0,0,0,0,0,0,0,0,0,0,0
Saint Pierre and Miquelon,1610,5464,0,0,0,0,0,0,0,0,0,0,0,0,0,0,0,0,0,0,0,0,0,0,0,0,0,0,0,0,0,2500,0,0,0,0,0,0,0,0,0,2964,0,0,0,0,0,0
North Korea (Democratic People's Republic of Korea),5790,0,0,0,0,0,0,0,0,0,0,0,0,0,0,0,0,0,0,0,0,0,0,0,0,0,0,0,0,0,0,0,0,0,0,0,0,0,0,0,0,0,0,0,0,0,0,0
