hts10,effective_date_start,effective_date_end
0201100500,2025-11-13,NA
0201100510,2025-11-13,NA
0201100590,2025-11-13,NA
0201101000,2025-11-13,NA
0201101010,2025-11-13,NA
0201101090,2025-11-13,NA
0201105000,2025-11-13,NA
0201105010,2025-11-13,NA
0201105090,2025-11-13,NA
0201200200,2025-11-13,NA
0201200400,2025-11-13,NA
0201200600,2025-11-13,NA
0201201000,2025-11-13,NA
0201203000,2025-11-13,NA
0201205000,2025-11-13,NA
0201205015,2025-11-13,NA
0201205025,2025-11-13,NA
0201205035,2025-11-13,NA
0201205045,2025-11-13,NA
0201205065,2025-11-13,NA
0201205075,2025-11-13,NA
0201205091,2025-11-13,NA
0201208000,2025-11-13,NA
0201208010,2025-11-13,NA
0201208090,2025-11-13,NA
0201300200,2025-11-13,NA
0201300400,2025-11-13,NA
0201300600,2025-11-13,NA
0201301000,2025-11-13,NA
0201303000,2025-11-13,NA
0201305000,2025-11-13,NA
0201305015,2025-11-13,NA
0201305025,2025-11-13,NA
0201305035,2025-11-13,NA
0201305045,2025-11-13,NA
0201305055,2025-11-13,NA
0201305065,2025-11-13,NA
0201305075,2025-11-13,NA
0201305085,2025-11-13,NA
0201305091,2025-11-13,NA
0201305097,2025-11-13,NA
0201308000,2025-11-13,NA
0201308010,2025-11-13,NA
0201308090,2025-11-13,NA
0202100500,2025-11-13,NA
0202100510,2025-11-13,NA
0202100590,2025-11-13,NA
0202101000,2025-11-13,NA
0202101010,2025-11-13,NA
0202101090,2025-11-13,NA
0202105000,2025-11-13,NA
0202105010,2025-11-13,NA
0202105090,2025-11-13,NA
0202200200,2025-11-13,NA
0202200400,2025-11-13,NA
0202200600,2025-11-13,NA
0202201000,2025-11-13,NA
0202203000,2025-11-13,NA
0202205000,2025-11-13,NA
0202205025,2025-11-13,NA
0202205035,2025-11-13,NA
0202205045,2025-11-13,NA
0202205090,2025-11-13,NA
0202208000,2025-11-13,NA
0202300200,2025-11-13,NA
0202300400,2025-11-13,NA
0202300600,2025-11-13,NA
0202301000,2025-11-13,NA
0202303000,2025-11-13,NA
0202305000,2025-11-13,NA
0202305015,2025-11-13,NA
0202305025,2025-11-13,NA
0202305035,2025-11-13,NA
0202305045,2025-11-13,NA
0202305055,2025-11-13,NA
0202305065,2025-11-13,NA
0202305075,2025-11-13,NA
0202305085,2025-11-13,NA
0202305091,2025-11-13,NA
0202305097,2025-11-13,NA
0202308000,2025-11-13,NA
0202308015,2025-11-13,NA
0202308025,2025-11-13,NA
0206100000,2025-11-13,NA
0206210000,2025-11-13,NA
0206220000,2025-11-13,NA
0206290000,2025-11-13,NA
0210200000,2025-11-13,NA
0508000000,NA,NA
0702002000,2025-11-13,NA
0702002002,2025-11-13,NA
0702002004,2025-11-13,NA
0702002006,2025-11-13,NA
0702002008,2025-11-13,NA
0702002019,2025-11-13,NA
0702002026,2025-11-13,NA
0702002032,2025-11-13,NA
0702002036,2025-11-13,NA
0702002042,2025-11-13,NA
0702002043,2025-11-13,NA
0702002044,2025-11-13,NA
0702002048,2025-11-13,NA
0702002050,2025-11-13,NA
0702002052,2025-11-13,NA
0702002062,2025-11-13,NA
0702002066,2025-11-13,NA
0702002081,2025-11-13,NA
0702002092,2025-11-13,NA
0702004000,2025-11-13,NA
0702004002,2025-11-13,NA
0702004004,2025-11-13,NA
0702004006,2025-11-13,NA
0702004008,2025-11-13,NA
0702004019,2025-11-13,NA
0702004021,2025-11-13,NA
0702004023,2025-11-13,NA
0702004027,2025-11-13,NA
0702004032,2025-11-13,NA
0702004037,2025-11-13,NA
0702004041,2025-11-13,NA
0702004047,2025-11-13,NA
0702004066,2025-11-13,NA
0702004081,2025-11-13,NA
0702004092,2025-11-13,NA
0702006000,2025-11-13,NA
0702006002,2025-11-13,NA
0702006004,2025-11-13,NA
0702006006,2025-11-13,NA
0702006008,2025-11-13,NA
0702006019,2025-11-13,NA
0702006021,2025-11-13,NA
0702006023,2025-11-13,NA
0702006027,2025-11-13,NA
0702006032,2025-11-13,NA
0702006033,2025-11-13,NA
0702006034,2025-11-13,NA
0702006037,2025-11-13,NA
0702006038,2025-11-13,NA
0702006039,2025-11-13,NA
0702006046,2025-11-13,NA
0702006066,2025-11-13,NA
0702006081,2025-11-13,NA
0702006092,2025-11-13,NA
0709990500,2025-11-13,NA
0709991000,2025-11-13,NA
0710801500,2025-11-13,NA
0711903000,2025-11-13,NA
0712320000,2025-11-13,NA
0712341000,2025-11-13,NA
0712342000,2025-11-13,NA
0713342000,2025-11-13,NA
0713344000,2025-11-13,NA
0714101000,2025-11-13,NA
0714102000,2025-11-13,NA
0714401000,2025-11-13,NA
0714401001,2025-11-13,NA
0714402000,2025-11-13,NA
0714405000,2025-11-13,NA
0714406000,2025-11-13,NA
0714501000,2025-11-13,NA
0714502000,2025-11-13,NA
0714506000,2025-11-13,NA
0714904200,2025-11-13,NA
0714904400,2025-11-13,NA
0714904600,2025-11-13,NA
0714904800,2025-11-13,NA
0714906100,2025-11-13,NA
0801110000,2025-11-13,NA
0801120000,2025-11-13,NA
0801190100,2025-11-13,NA
0801190120,2025-11-13,NA
0801190140,2025-11-13,NA
0801210000,2025-11-13,NA
0801220000,2025-11-13,NA
0801310000,2025-11-13,NA
0801320000,2025-11-13,NA
0802410000,2025-11-13,NA
0802420000,2025-11-13,NA
0802610000,2025-11-13,NA
0802620000,2025-11-13,NA
0802701000,2025-11-13,NA
0802702000,2025-11-13,NA
0802801000,2025-11-13,NA
0802802000,2025-11-13,NA
0802911000,2025-11-13,NA
0802919000,2025-11-13,NA
0802921000,2025-11-13,NA
0802929000,2025-11-13,NA
0803101000,2025-11-13,NA
0803102000,2025-11-13,NA
0803900000,2025-11-13,NA
0803900025,2025-11-13,NA
0803900035,2025-11-13,NA
0803900045,2025-11-13,NA
0804302000,2025-11-13,NA
0804304000,2025-11-13,NA
0804304010,2025-11-13,NA
0804304090,2025-11-13,NA
0804306000,2025-11-13,NA
0804306010,2025-11-13,NA
0804306090,2025-11-13,NA
0804400000,2025-11-13,NA
0804400020,2025-11-13,NA
0804400040,2025-11-13,NA
0804400090,2025-11-13,NA
0804504000,2025-11-13,NA
0804504045,2025-11-13,NA
0804504055,2025-11-13,NA
0804504065,2025-11-13,NA
0804504075,2025-11-13,NA
0804506000,2025-11-13,NA
0804506045,2025-11-13,NA
0804506055,2025-11-13,NA
0804506065,2025-11-13,NA
0804506075,2025-11-13,NA
0804508000,2025-11-13,NA
0804508010,2025-11-13,NA
0804508020,2025-11-13,NA
0804508040,2025-11-13,NA
0804508090,2025-11-13,NA
0805100000,2025-11-13,NA
0805100020,2025-11-13,NA
0805100050,2025-11-13,NA
0805100060,2025-11-13,NA
0805503000,2025-11-13,NA
0805503020,2025-11-13,NA
0805503040,2025-11-13,NA
0805504000,2025-11-13,NA
0805900100,NA,NA
0807200000,2025-11-13,NA
0808402000,2025-11-13,NA
0808402015,2025-11-13,NA
0808402025,2025-11-13,NA
0808404000,2025-11-13,NA
0808404015,2025-11-13,NA
0808404025,2025-11-13,NA
0810500000,2025-11-13,NA
0810500010,2025-11-13,NA
0810500090,2025-11-13,NA
0810600000,2025-11-13,NA
0810902700,2025-11-13,NA
0810902730,2025-11-13,NA
0810902760,2025-11-13,NA
0810904600,2025-11-13,NA
0810904620,2025-11-13,NA
0810904630,2025-11-13,NA
0810904640,2025-11-13,NA
0810904650,2025-11-13,NA
0810904660,2025-11-13,NA
0810904670,2025-11-13,NA
0810904675,2025-11-13,NA
0810904680,2025-11-13,NA
0811901000,2025-11-13,NA
0811902500,2025-11-13,NA
0811903000,2025-11-13,NA
0811904000,2025-11-13,NA
0811905000,2025-11-13,NA
0811905010,2025-11-13,NA
0811905090,2025-11-13,NA
0811905200,2025-11-13,NA
0811905210,2025-11-13,NA
0811905290,2025-11-13,NA
0811908000,NA,NA
0811908040,NA,NA
0811908060,NA,NA
0811908085,NA,NA
0811908090,NA,NA
0811908097,NA,NA
0812904000,2025-11-13,NA
0901110000,2025-11-13,NA
0901110015,2025-11-13,NA
0901110025,2025-11-13,NA
0901110035,2025-11-13,NA
0901110040,2025-11-13,NA
0901110050,2025-11-13,NA
0901110065,2025-11-13,NA
0901120000,2025-11-13,NA
0901120020,2025-11-13,NA
0901120035,2025-11-13,NA
0901120040,2025-11-13,NA
0901120055,2025-11-13,NA
0901120060,2025-11-13,NA
0901120075,2025-11-13,NA
0901210000,2025-11-13,NA
0901210015,2025-11-13,NA
0901210020,2025-11-13,NA
0901210025,2025-11-13,NA
0901210029,2025-11-13,NA
0901210040,2025-11-13,NA
0901210049,2025-11-13,NA
0901210055,2025-11-13,NA
0901210065,2025-11-13,NA
0901220000,2025-11-13,NA
0901220035,2025-11-13,NA
0901220040,2025-11-13,NA
0901220050,2025-11-13,NA
0901220055,2025-11-13,NA
0901220065,2025-11-13,NA
0901220070,2025-11-13,NA
0901220075,2025-11-13,NA
0901220080,2025-11-13,NA
0901220090,2025-11-13,NA
0901901000,2025-11-13,NA
0901902000,2025-11-13,NA
0902101000,2025-11-13,NA
0902101015,2025-11-13,NA
0902101050,2025-11-13,NA
0902109000,2025-11-13,NA
0902109015,2025-11-13,NA
0902109050,2025-11-13,NA
0902201000,2025-11-13,NA
0902209000,2025-11-13,NA
0902209015,2025-11-13,NA
0902209050,2025-11-13,NA
0902300000,2025-11-13,NA
0902300015,2025-11-13,NA
0902300050,2025-11-13,NA
0902300090,2025-11-13,NA
0902400000,2025-11-13,NA
0903000000,2025-11-13,NA
0904110000,2025-11-13,NA
0904110020,2025-11-13,NA
0904110040,2025-11-13,NA
0904120000,2025-11-13,NA
0904212000,2025-11-13,NA
0904214000,2025-11-13,NA
0904216000,2025-11-13,NA
0904216010,2025-11-13,NA
0904216020,2025-11-13,NA
0904216090,2025-11-13,NA
0904218000,2025-11-13,NA
0904222000,2025-11-13,NA
0904224000,2025-11-13,NA
0904227300,2025-11-13,NA
0904227600,2025-11-13,NA
0904228000,2025-11-13,NA
0905100000,2025-11-13,NA
0905200000,2025-11-13,NA
0906110000,2025-11-13,NA
0906190000,2025-11-13,NA
0906200000,2025-11-13,NA
0907100000,2025-11-13,NA
0907200000,2025-11-13,NA
0908110000,2025-11-13,NA
0908120000,2025-11-13,NA
0908210000,2025-11-13,NA
0908222000,2025-11-13,NA
0908224000,2025-11-13,NA
0908310000,2025-11-13,NA
0908320000,2025-11-13,NA
0909210000,2025-11-13,NA
0909220000,2025-11-13,NA
0909310000,2025-11-13,NA
0909320000,2025-11-13,NA
0909610000,2025-11-13,NA
0909620000,2025-11-13,NA
0910110000,2025-11-13,NA
0910110010,2025-11-13,NA
0910110015,2025-11-13,NA
0910120000,2025-11-13,NA
0910200000,2025-11-13,NA
0910300000,2025-11-13,NA
0910910000,2025-11-13,NA
0910990700,2025-11-13,NA
0910991000,2025-11-13,NA
0910992000,2025-11-13,NA
0910994000,2025-11-13,NA
0910995000,2025-11-13,NA
0910996000,2025-11-13,NA
1003904000,2025-11-13,NA
1003904020,2025-11-13,NA
1003904030,2025-11-13,NA
1008300000,2025-11-13,NA
1008400000,2025-11-13,NA
1008600000,2025-11-13,NA
1106209000,2025-11-13,NA
1106302000,2025-11-13,NA
1108140000,2025-11-13,NA
1108190000,2025-11-13,NA
1108190010,2025-11-13,NA
1108190090,2025-11-13,NA
1203000000,2025-11-13,NA
1207910000,2025-11-13,NA
1404909000,NA,NA
1404909020,NA,NA
1404909040,NA,NA
1404909090,NA,NA
1513110000,2025-11-13,NA
1513190000,2025-11-13,NA
1513190030,2025-11-13,NA
1513190090,2025-11-13,NA
1521100000,2025-11-13,NA
1521100020,2025-11-13,NA
1521100040,2025-11-13,NA
1521100060,2025-11-13,NA
1521902000,2025-11-13,NA
1602500500,2025-11-13,NA
1602500700,2025-11-13,NA
1602500720,2025-11-13,NA
1602500740,2025-11-13,NA
1602500800,2025-11-13,NA
1602502100,2025-11-13,NA
1602502120,2025-11-13,NA
1602502140,2025-11-13,NA
1602506000,2025-11-13,NA
1602509000,2025-11-13,NA
1602509020,2025-11-13,NA
1602509040,2025-11-13,NA
1801000000,2025-11-13,NA
1801000010,2025-11-13,NA
1801000090,2025-11-13,NA
1802000000,2025-11-13,NA
1803100000,2025-11-13,NA
1803200000,2025-11-13,NA
1804000000,2025-11-13,NA
1805000000,2025-11-13,NA
1903002000,2025-11-13,NA
1903004000,2025-11-13,NA
1905901000,NA,NA
1905901041,NA,NA
1905901049,NA,NA
1905901050,NA,NA
1905901070,NA,NA
1905901090,NA,NA
1905909000,NA,NA
1905909030,NA,NA
1905909060,NA,NA
1905909090,NA,NA
2001904500,2025-11-13,NA
2005916000,2025-11-13,NA
2006004000,2025-11-13,NA
2007994000,2025-11-13,NA
2007995000,2025-11-13,NA
2007995010,2025-11-13,NA
2007995020,2025-11-13,NA
2008191500,2025-11-13,NA
2008200000,2025-11-13,NA
2008200010,2025-11-13,NA
2008200090,2025-11-13,NA
2008910000,2025-11-13,NA
2008991300,2025-11-13,NA
2008991500,2025-11-13,NA
2008992100,NA,NA
2008992120,NA,NA
2008992140,NA,NA
2008994000,2025-11-13,NA
2008994500,2025-11-13,NA
2008999100,2025-11-13,NA
2008999110,2025-11-13,NA
2008999150,2025-11-13,NA
2008999155,2025-11-13,NA
2008999190,2025-11-13,NA
2008999195,2025-11-13,NA
2009110000,2025-11-13,NA
2009110020,2025-11-13,NA
2009110040,2025-11-13,NA
2009110060,2025-11-13,NA
2009122500,2025-11-13,NA
2009124500,2025-11-13,NA
2009190000,2025-11-13,NA
2009316000,NA,NA
2009316020,NA,NA
2009316040,NA,NA
2009316060,NA,NA
2009392000,2025-11-13,NA
2009494000,2025-11-13,NA
2009494020,2025-11-13,NA
2009494040,2025-11-13,NA
2009897000,NA,NA
2009897031,NA,NA
2009897055,NA,NA
2009897065,NA,NA
2009897070,NA,NA
2009897091,NA,NA
2009897095,NA,NA
2009897097,NA,NA
2009897099,NA,NA
2101112900,2025-11-13,NA
2101112941,2025-11-13,NA
2101112949,2025-11-13,NA
2101129000,2025-11-13,NA
2101202000,2025-11-13,NA
2101202010,2025-11-13,NA
2101202090,2025-11-13,NA
2106904800,2025-11-13,NA
2106909900,NA,NA
2106909971,NA,NA
2106909972,NA,NA
2106909973,NA,NA
2106909975,NA,NA
2106909980,NA,NA
2106909985,NA,NA
2106909987,NA,NA
2106909988,NA,NA
2106909990,NA,NA
2106909995,NA,NA
2106909997,NA,NA
2106909998,NA,NA
2202993000,2025-11-13,NA
2202993500,2025-11-13,NA
2504101000,2025-09-08,NA
2504105000,NA,NA
2504900000,NA,NA
2510100000,NA,NA
2510200000,NA,NA
2511101000,NA,NA
2511105000,NA,NA
2519100000,NA,NA
2519901000,NA,NA
2519902000,NA,NA
2524900000,NA,NA
2524900010,NA,NA
2524900030,NA,NA
2524900040,NA,NA
2524900045,NA,NA
2524900055,NA,NA
2524900060,NA,NA
2529210000,NA,NA
2529220000,NA,NA
2530201000,NA,NA
2530202000,NA,NA
2530901000,NA,NA
2530902000,NA,NA
2530908000,NA,NA
2530908010,NA,NA
2530908015,NA,NA
2530908050,NA,NA
2602000000,NA,NA
2602000040,NA,NA
2602000060,NA,NA
2603000000,NA,NA
2603000010,NA,NA
2603000020,NA,NA
2603000030,NA,NA
2603000040,NA,NA
2603000050,NA,NA
2604000000,2025-09-08,NA
2604000040,2025-09-08,NA
2604000080,2025-09-08,NA
2605000000,NA,NA
2606000000,NA,NA
2606000030,NA,NA
2606000060,NA,NA
2606000090,NA,NA
2608000000,NA,NA
2608000010,NA,NA
2608000020,NA,NA
2608000030,NA,NA
2608000040,NA,NA
2608000050,NA,NA
2609000000,2025-09-08,NA
2610000000,NA,NA
2610000020,NA,NA
2610000040,NA,NA
2610000060,NA,NA
2611003000,NA,NA
2611006000,NA,NA
2612100000,NA,NA
2612200000,2025-09-08,NA
2613900000,2025-09-08,NA
2614003000,NA,NA
2614006000,NA,NA
2614006020,NA,NA
2614006040,NA,NA
2615903000,NA,NA
2615906000,NA,NA
2615906030,NA,NA
2615906060,NA,NA
2615906090,NA,NA
2616100000,NA,NA
2616100010,NA,NA
2616100020,NA,NA
2616100030,NA,NA
2616100040,NA,NA
2616100080,NA,NA
2617100000,NA,NA
2620300000,NA,NA
2620300010,NA,NA
2620300020,NA,NA
2620300030,NA,NA
2620300040,NA,NA
2620300050,NA,NA
2620995000,NA,NA
2701110000,NA,NA
2701120000,NA,NA
2701120010,NA,NA
2701120050,NA,NA
2701190000,NA,NA
2701190010,NA,NA
2701190050,NA,NA
2701200000,NA,NA
2702100000,NA,NA
2702200000,NA,NA
2703000000,NA,NA
2704000000,NA,NA
2704000011,NA,NA
2704000025,NA,NA
2704000050,NA,NA
2705000000,NA,NA
2706000000,NA,NA
2707100000,NA,NA
2707200000,NA,NA
2707300000,NA,NA
2707300010,NA,NA
2707300020,NA,NA
2707300030,NA,NA
2707300040,NA,NA
2707400000,NA,NA
2707500000,NA,NA
2707910000,NA,NA
2707991000,NA,NA
2707992000,NA,NA
2707994000,NA,NA
2707995100,NA,NA
2707995500,NA,NA
2707995900,NA,NA
2707999000,NA,NA
2707999010,NA,NA
2707999090,NA,NA
2708100000,NA,NA
2708200000,NA,NA
2709001000,NA,NA
2709002000,NA,NA
2709002010,NA,NA
2709002090,NA,NA
2710121500,NA,NA
2710121510,NA,NA
2710121514,NA,NA
2710121519,NA,NA
2710121520,NA,NA
2710121550,NA,NA
2710121800,NA,NA
2710121805,NA,NA
2710121890,NA,NA
2710122500,NA,NA
2710124500,NA,NA
2710124545,NA,NA
2710124560,NA,NA
2710124595,NA,NA
2710129000,NA,NA
2710190600,NA,NA
2710190605,NA,NA
2710190615,NA,NA
2710190625,NA,NA
2710190630,NA,NA
2710190635,NA,NA
2710190650,NA,NA
2710191100,NA,NA
2710191102,NA,NA
2710191103,NA,NA
2710191104,NA,NA
2710191105,NA,NA
2710191107,NA,NA
2710191108,NA,NA
2710191111,NA,NA
2710191113,NA,NA
2710191114,NA,NA
2710191115,NA,NA
2710191125,NA,NA
2710191150,NA,NA
2710191600,NA,NA
2710192400,NA,NA
2710192500,NA,NA
2710192600,NA,NA
2710193000,NA,NA
2710193010,NA,NA
2710193020,NA,NA
2710193030,NA,NA
2710193040,NA,NA
2710193050,NA,NA
2710193070,NA,NA
2710193080,NA,NA
2710193500,NA,NA
2710194000,NA,NA
2710194500,NA,NA
2710194530,NA,NA
2710194540,NA,NA
2710194545,NA,NA
2710194590,NA,NA
2710199000,NA,NA
2710200500,NA,NA
2710200510,NA,NA
2710200520,NA,NA
2710200550,NA,NA
2710201000,NA,NA
2710201002,NA,NA
2710201003,NA,NA
2710201004,NA,NA
2710201005,NA,NA
2710201007,NA,NA
2710201008,NA,NA
2710201011,NA,NA
2710201013,NA,NA
2710201014,NA,NA
2710201015,NA,NA
2710201025,NA,NA
2710201050,NA,NA
2710201500,NA,NA
2710202500,NA,NA
2710910000,NA,NA
2710910010,NA,NA
2710910050,NA,NA
2710990500,NA,NA
2710991000,NA,NA
2710991600,NA,NA
2710992100,NA,NA
2710993100,NA,NA
2710993200,NA,NA
2710993900,NA,NA
2710994500,NA,NA
2710999000,NA,NA
2711110000,NA,NA
2711120000,NA,NA
2711120010,NA,NA
2711120020,NA,NA
2711130000,NA,NA
2711130010,NA,NA
2711130020,NA,NA
2711140000,NA,NA
2711140010,NA,NA
2711140020,NA,NA
2711140030,NA,NA
2711140040,NA,NA
2711190000,NA,NA
2711190010,NA,NA
2711190020,NA,NA
2711210000,NA,NA
2711290000,NA,NA
2711290010,NA,NA
2711290015,NA,NA
2711290020,NA,NA
2711290025,NA,NA
2711290060,NA,NA
2712100000,NA,NA
2712200000,NA,NA
2712901000,NA,NA
2712902000,NA,NA
2713110000,NA,NA
2713120000,NA,NA
2713200000,NA,NA
2713900000,NA,NA
2714100000,NA,NA
2714900000,NA,NA
2715000000,NA,NA
2716000000,NA,NA
2801200000,NA,NA
2804290000,NA,NA
2804290010,NA,NA
2804290020,NA,NA
2804290030,NA,NA
2804290055,NA,NA
2804500000,NA,NA
2804500010,NA,NA
2804500020,NA,NA
2804610000,NA,NA
2804800000,NA,NA
2804900000,NA,NA
2805191000,NA,NA
2805192000,NA,NA
2805199000,NA,NA
2805199010,NA,NA
2805199090,NA,NA
2805300000,NA,NA
2805300005,NA,NA
2805300010,NA,NA
2805300015,NA,NA
2805300020,NA,NA
2805300050,NA,NA
2805300090,NA,NA
2811110000,NA,NA
2811191000,NA,NA
2811291000,NA,NA
2811292000,NA,NA
2812190000,NA,NA
2812190010,NA,NA
2812190090,NA,NA
2813901000,NA,NA
2815200000,NA,NA
2815200050,NA,NA
2815200090,NA,NA
2816100000,NA,NA
2816401000,NA,NA
2816402000,NA,NA
2817000000,NA,NA
2818101000,NA,NA
2818102000,NA,NA
2818102010,NA,NA
2818102090,NA,NA
2818200000,NA,NA
2818300000,NA,2025-09-07
2820100000,NA,NA
2821100000,NA,NA
2821100010,NA,NA
2821100020,NA,NA
2821100030,NA,NA
2821100040,NA,NA
2821100050,NA,NA
2821200000,NA,NA
2822000000,NA,NA
2822000010,NA,NA
2822000090,NA,NA
2823000000,NA,NA
2825200000,NA,NA
2825400000,2025-09-08,NA
2825503000,NA,NA
2825600000,NA,NA
2825600010,NA,NA
2825600020,NA,NA
2825600050,NA,NA
2825800000,NA,NA
2825901500,NA,NA
2825903000,NA,NA
2825909000,NA,NA
2826120000,NA,NA
2826300000,NA,NA
2826909000,NA,NA
2826909010,NA,NA
2826909090,NA,NA
2827310000,NA,NA
2827394500,NA,NA
2827396000,NA,NA
2827399000,NA,NA
2827399010,NA,NA
2827399050,NA,NA
2827410000,NA,NA
2827495000,NA,NA
2827595100,NA,NA
2827601000,NA,NA
2827605100,NA,NA
2833210000,NA,NA
2833240000,2025-09-08,NA
2833250000,NA,NA
2833270000,NA,NA
2833291000,NA,NA
2833294500,NA,NA
2833295100,NA,NA
2833295110,NA,NA
2833295190,NA,NA
2834210000,NA,NA
2834292000,NA,NA
2834295100,NA,NA
2836600000,NA,NA
2836910000,NA,NA
2836910010,NA,NA
2836910050,NA,NA
2836920000,NA,NA
2836991000,NA,NA
2836995000,NA,NA
2836995010,NA,NA
2836995050,NA,NA
2841800000,NA,NA
2841800010,NA,NA
2841800020,NA,NA
2841800050,NA,NA
2841902000,NA,NA
2841904000,NA,NA
2843290100,NA,NA
2843300000,NA,NA
2843900000,NA,NA
2844101000,NA,NA
2844102000,NA,NA
2844102010,NA,NA
2844102025,NA,NA
2844102055,NA,NA
2844200000,NA,NA
2844200010,NA,NA
2844200020,NA,NA
2844200030,NA,NA
2844200050,NA,NA
2844302000,NA,NA
2844302010,NA,NA
2844302020,NA,NA
2844302050,NA,NA
2844305000,NA,NA
2844305010,NA,NA
2844305050,NA,NA
2844430000,NA,NA
2844430010,NA,NA
2844430021,NA,NA
2844430028,NA,NA
2844430050,NA,NA
2845900100,NA,NA
2846100000,NA,NA
2846100010,NA,NA
2846100050,NA,NA
2846902000,NA,NA
2846902005,NA,NA
2846902015,NA,NA
2846902040,NA,NA
2846902082,NA,NA
2846902084,NA,NA
2846904000,NA,NA
2846908000,NA,NA
2846908070,NA,NA
2846908075,NA,NA
2846908090,NA,NA
2849201000,NA,NA
2849202000,NA,NA
2849903000,NA,NA
2853901000,NA,NA
2853909000,NA,NA
2853909010,NA,NA
2853909090,NA,NA
2903451000,NA,NA
2903511000,2025-09-08,NA
2903599000,NA,NA
2903699000,NA,NA
2903780000,NA,NA
2903799000,NA,NA
2903799030,NA,NA
2903799070,NA,NA
2903891500,NA,NA
2903892000,NA,NA
2903897000,NA,NA
2903897010,NA,NA
2903897090,NA,NA
2903920000,NA,NA
2904994000,NA,NA
2905299000,NA,NA
2905399000,NA,NA
2905591000,NA,NA
2905599000,NA,NA
2906195000,NA,NA
2906296000,NA,NA
2907299000,NA,NA
2908196000,NA,NA
2909191800,NA,NA
2909200000,NA,NA
2909306000,NA,NA
2909491000,NA,NA
2909491500,NA,NA
2909492000,NA,NA
2909496000,NA,NA
2909504000,NA,NA
2909504010,NA,NA
2909504050,NA,NA
2909504500,NA,NA
2909505000,NA,NA
2912195000,NA,NA
2912492600,NA,NA
2914190000,NA,NA
2914409000,NA,NA
2914503000,NA,NA
2914505000,NA,NA
2914620000,NA,NA
2914692100,NA,NA
2914699000,NA,NA
2914794000,NA,NA
2915293000,NA,NA
2915393100,NA,NA
2915393500,NA,NA
2915394700,NA,NA
2915399000,NA,NA
2915901000,NA,NA
2915901010,NA,NA
2915901050,NA,NA
2915901400,NA,NA
2915901800,NA,NA
2915901810,NA,NA
2915901890,NA,NA
2915902000,NA,NA
2915905000,NA,NA
2915905010,NA,NA
2915905050,NA,NA
2916193000,NA,NA
2916195000,NA,NA
2916205000,NA,NA
2916315000,NA,NA
2916394600,NA,NA
2916397900,NA,NA
2917130000,NA,NA
2917130030,NA,NA
2917130090,NA,NA
2917191000,NA,NA
2917197000,NA,NA
2917197020,NA,NA
2917197050,NA,NA
2917340100,NA,NA
2917340110,NA,NA
2917340150,NA,NA
2917393000,NA,NA
2918115100,NA,NA
2918135000,NA,NA
2918165000,NA,NA
2918165010,NA,NA
2918165020,NA,NA
2918165050,NA,NA
2918165090,NA,NA
2918196000,NA,NA
2918199000,NA,NA
2918221000,NA,NA
2918225000,NA,NA
2918233000,NA,NA
2918235000,NA,NA
2918292000,NA,NA
2918296500,NA,NA
2918297500,NA,NA
2918302500,NA,NA
2918303000,NA,NA
2918309000,NA,NA
2918993000,NA,NA
2918994300,NA,NA
2918994700,NA,NA
2918995000,NA,NA
2919903000,NA,NA
2919905000,NA,NA
2919905010,NA,NA
2919905050,NA,NA
2920905100,NA,NA
2921191100,NA,NA
2921196100,NA,NA
2921196110,NA,NA
2921196120,NA,NA
2921196130,NA,NA
2921196140,NA,NA
2921196195,NA,NA
2921290000,NA,NA
2921290010,NA,NA
2921290020,NA,NA
2921290030,NA,NA
2921290055,NA,NA
2921301000,NA,NA
2921305000,NA,NA
2921429000,NA,NA
2921460000,NA,NA
2921493800,NA,NA
2921494300,NA,NA
2921494500,NA,NA
2921495000,NA,NA
2921598000,NA,NA
2921598010,NA,NA
2921598090,NA,NA
2922110000,NA,NA
2922140000,NA,NA
2922190900,NA,NA
2922192000,NA,NA
2922193300,NA,NA
2922196000,NA,NA
2922197000,NA,NA
2922199000,NA,NA
2922199600,NA,NA
2922199610,NA,NA
2922199619,NA,NA
2922199690,NA,NA
2922292700,NA,NA
2922296100,NA,NA
2922298100,NA,NA
2922298110,NA,NA
2922298190,NA,NA
2922310000,NA,NA
2922392500,NA,NA
2922394500,NA,NA
2922395000,NA,NA
2922410000,NA,NA
2922410010,NA,NA
2922410090,NA,NA
2922425000,NA,NA
2922440000,NA,NA
2922491000,NA,NA
2922492600,NA,NA
2922493000,NA,NA
2922493700,NA,NA
2922494900,NA,NA
2922494910,NA,NA
2922494915,NA,NA
2922494950,NA,NA
2922498000,NA,NA
2922500700,NA,NA
2922501000,NA,NA
2922501100,NA,NA
2922501300,NA,NA
2922501400,NA,NA
2922501700,NA,NA
2922502500,NA,NA
2922503500,NA,NA
2922504000,NA,NA
2922505000,NA,NA
2923100000,NA,NA
2923202000,NA,NA
2923202010,NA,NA
2923202050,NA,NA
2923900100,NA,NA
2924110000,NA,NA
2924191100,NA,NA
2924191110,NA,NA
2924191120,NA,NA
2924191130,NA,NA
2924191150,NA,NA
2924198000,NA,NA
2924211600,NA,NA
2924215000,NA,NA
2924290100,2025-09-08,NA
2924290300,2025-09-08,NA
2924291000,NA,NA
2924292300,2025-09-08,NA
2924292600,2025-09-08,NA
2924292800,2025-09-08,NA
2924293300,2025-09-08,NA
2924295700,2025-09-08,NA
2924296200,NA,NA
2924296210,NA,NA
2924296220,NA,NA
2924296250,NA,NA
2924297100,NA,NA
2924297700,NA,NA
2924297710,NA,NA
2924297720,NA,NA
2924297730,NA,NA
2924297790,NA,NA
2924298000,2025-09-08,NA
2924299500,NA,NA
2925120000,NA,NA
2925194200,NA,NA
2925199100,NA,NA
2925210000,NA,NA
2925292000,NA,NA
2925296000,NA,NA
2925299000,NA,NA
2926301000,NA,NA
2926400000,NA,NA
2926901400,NA,NA
2926904300,NA,NA
2926904800,NA,NA
2926904801,NA,NA
2926905000,2025-09-08,NA
2926905010,2025-09-08,NA
2926905050,2025-09-08,NA
2927004000,NA,NA
2927005000,NA,NA
2928002500,NA,NA
2928003000,NA,NA
2928005000,NA,NA
2929902000,NA,NA
2929905000,NA,NA
2929905015,NA,NA
2929905018,NA,NA
2929905020,NA,NA
2929905030,NA,NA
2929905040,NA,NA
2929905095,NA,NA
2930202000,NA,NA
2930202010,NA,NA
2930202050,NA,NA
2930209000,NA,NA
2930209010,NA,NA
2930209020,NA,NA
2930209050,NA,NA
2930306000,NA,NA
2930902900,NA,NA
2930904900,NA,NA
2930904910,NA,NA
2930904920,NA,NA
2930904950,NA,NA
2930909200,NA,NA
2930909208,NA,NA
2930909210,NA,NA
2930909212,NA,NA
2930909222,NA,NA
2930909225,NA,NA
2930909231,NA,NA
2930909235,NA,NA
2930909251,NA,NA
2931490000,NA,NA
2931490005,NA,NA
2931490008,NA,NA
2931490010,NA,NA
2931490015,NA,NA
2931490020,NA,NA
2931490025,NA,NA
2931490055,NA,NA
2931490080,NA,NA
2931530000,NA,NA
2931902200,NA,NA
2931909000,NA,NA
2931909010,NA,NA
2931909021,NA,NA
2931909025,NA,NA
2931909029,NA,NA
2931909030,NA,NA
2931909035,NA,NA
2931909040,NA,NA
2931909052,NA,NA
2932140000,NA,NA
2932195100,NA,NA
2932202000,NA,NA
2932203000,NA,NA
2932205000,NA,NA
2932205010,NA,NA
2932205020,NA,NA
2932205030,NA,NA
2932205050,NA,NA
2932996100,NA,NA
2932997000,NA,NA
2932999000,NA,NA
2932999010,NA,NA
2932999090,NA,NA
2933110000,NA,NA
2933193500,NA,NA
2933194500,NA,NA
2933199000,NA,NA
2933210000,NA,NA
2933290500,2025-09-08,NA
2933292000,NA,NA
2933293500,NA,NA
2933294300,NA,NA
2933294500,NA,NA
2933296000,2025-09-08,NA
2933299000,NA,NA
2933330100,NA,NA
2933340000,NA,NA
2933350000,NA,NA
2933370000,NA,NA
2933390800,NA,NA
2933391000,NA,NA
2933392000,NA,NA
2933392100,NA,NA
2933392300,NA,NA
2933392500,NA,NA
2933392700,NA,NA
2933393100,NA,NA
2933394100,NA,NA
2933396100,NA,NA
2933396110,NA,NA
2933396120,NA,NA
2933396130,NA,NA
2933396191,NA,NA
2933399200,NA,NA
2933410000,NA,NA
2933490800,NA,NA
2933491000,NA,NA
2933491500,NA,NA
2933491700,NA,NA
2933492000,NA,NA
2933492600,NA,NA
2933493000,NA,NA
2933496000,NA,NA
2933497000,NA,NA
2933521000,NA,NA
2933529000,NA,NA
2933530000,NA,NA
2933540000,NA,NA
2933591000,NA,NA
2933591500,NA,NA
2933591800,NA,NA
2933592100,NA,NA
2933592200,NA,NA
2933593600,NA,NA
2933594600,NA,NA
2933595300,NA,NA
2933595900,NA,NA
2933597000,NA,NA
2933598000,NA,NA
2933598500,NA,NA
2933599500,NA,NA
2933696000,NA,NA
2933696010,NA,NA
2933696015,NA,NA
2933696021,NA,NA
2933696030,NA,NA
2933696050,NA,NA
2933720000,NA,NA
2933790800,NA,NA
2933791500,NA,NA
2933798500,NA,NA
2933910000,NA,NA
2933910010,NA,NA
2933910050,NA,NA
2933990100,NA,NA
2933990200,NA,NA
2933990500,NA,NA
2933990600,NA,NA
2933990800,NA,NA
2933991100,NA,NA
2933991200,NA,NA
2933991600,NA,NA
2933991700,NA,NA
2933991701,NA,NA
2933992200,NA,NA
2933992400,NA,NA
2933992600,NA,NA
2933994200,NA,NA
2933994600,NA,NA
2933995100,NA,NA
2933995300,NA,NA
2933995500,NA,NA
2933995510,NA,NA
2933995520,NA,NA
2933995530,NA,NA
2933995590,NA,NA
2933995800,NA,NA
2933996100,NA,NA
2933996500,NA,NA
2933997000,NA,NA
2933997500,NA,NA
2933997900,NA,NA
2933998200,NA,NA
2933998210,NA,NA
2933998220,NA,NA
2933998290,NA,NA
2933998500,NA,NA
2933998900,NA,NA
2933999000,NA,NA
2933999700,NA,NA
2933999701,NA,NA
2934101000,NA,NA
2934102000,NA,NA
2934109000,NA,NA
2934204000,NA,NA
2934208000,NA,NA
2934302300,NA,NA
2934302700,NA,NA
2934304300,NA,NA
2934305000,NA,NA
2934910000,NA,NA
2934920000,NA,NA
2934990100,NA,NA
2934990300,NA,NA
2934990500,NA,NA
2934990600,NA,NA
2934990700,NA,NA
2934990800,NA,NA
2934990900,NA,NA
2934991100,NA,NA
2934991200,NA,NA
2934991500,NA,NA
2934991600,NA,NA
2934991800,NA,NA
2934992000,NA,NA
2934993000,NA,NA
2934993900,NA,NA
2934994400,NA,NA
2934994700,NA,NA
2934997000,NA,NA
2934999000,NA,NA
2934999001,NA,NA
2935500000,NA,NA
2935900600,NA,NA
2935901000,NA,NA
2935901300,NA,NA
2935901500,NA,NA
2935902000,NA,NA
2935903000,NA,NA
2935903200,NA,NA
2935903300,NA,NA
2935904200,NA,NA
2935904800,NA,NA
2935906000,NA,NA
2935907500,NA,NA
2935909500,NA,NA
2936210000,NA,NA
2936220000,NA,NA
2936230000,NA,NA
2936240100,NA,NA
2936250000,NA,NA
2936260000,NA,NA
2936270000,NA,NA
2936280000,NA,NA
2936291000,NA,NA
2936291600,NA,NA
2936291610,NA,NA
2936291620,NA,NA
2936291630,NA,NA
2936292000,NA,NA
2936295000,NA,NA
2936295020,NA,NA
2936295030,NA,NA
2936295050,NA,NA
2936900100,NA,NA
2936900110,NA,NA
2936900150,NA,NA
2937110000,NA,NA
2937120000,NA,NA
2937190000,NA,NA
2937210000,NA,NA
2937210010,NA,NA
2937210020,NA,NA
2937210030,NA,NA
2937210040,NA,NA
2937220000,NA,NA
2937231000,NA,NA
2937231010,NA,NA
2937231020,NA,NA
2937231050,NA,NA
2937232500,NA,NA
2937235000,NA,NA
2937235010,NA,NA
2937235020,NA,NA
2937235050,NA,NA
2937291000,NA,NA
2937299000,NA,NA
2937299020,NA,NA
2937299030,NA,NA
2937299040,NA,NA
2937299050,NA,NA
2937299095,NA,NA
2937500000,NA,NA
2937900500,NA,NA
2937901000,NA,NA
2937902000,NA,NA
2937904000,NA,NA
2937904500,NA,NA
2937909000,NA,NA
2938100000,NA,NA
2938900000,NA,NA
2939110000,NA,NA
2939191000,NA,NA
2939192000,NA,NA
2939195000,NA,NA
2939200000,NA,NA
2939200010,NA,NA
2939200050,NA,NA
2939300000,NA,NA
2939410000,NA,NA
2939420000,NA,NA
2939440000,NA,NA
2939450000,NA,NA
2939490300,NA,NA
2939590000,NA,NA
2939620000,NA,NA
2939630000,NA,NA
2939690000,NA,NA
2939720000,NA,NA
2939790000,NA,NA
2939800000,NA,NA
2939800010,NA,NA
2939800050,NA,NA
2940006000,NA,NA
2941101000,NA,NA
2941102000,NA,NA
2941103000,NA,NA
2941105000,NA,NA
2941201000,NA,NA
2941205000,NA,NA
2941300000,NA,NA
2941400000,NA,NA
2941500000,NA,NA
2941901000,NA,NA
2941901010,NA,NA
2941901050,NA,NA
2941903000,NA,NA
2941905000,NA,NA
2942000500,NA,NA
2942003500,NA,NA
2942005000,NA,NA
3001200000,NA,NA
3001900100,NA,NA
3001900110,NA,NA
3001900150,NA,NA
3001900165,NA,NA
3001900190,NA,NA
3001900195,NA,NA
3002120000,NA,NA
3002120010,NA,NA
3002120020,NA,NA
3002120030,NA,NA
3002120040,NA,NA
3002120090,NA,NA
3002130000,NA,NA
3002130010,NA,NA
3002130090,NA,NA
3002140000,NA,NA
3002140010,NA,NA
3002140090,NA,NA
3002150000,NA,NA
3002150011,NA,NA
3002150091,NA,NA
3002410000,NA,NA
3002420000,NA,NA
3002490000,NA,NA
3002490010,NA,NA
3002490050,NA,NA
3002510000,NA,NA
3002590000,NA,NA
3002901000,NA,NA
3002905200,NA,NA
3002905210,NA,NA
3002905220,NA,NA
3002905250,NA,NA
3003100000,NA,NA
3003200000,NA,NA
3003391000,NA,NA
3003395000,NA,NA
3003410000,NA,NA
3003420000,NA,NA
3003490000,NA,NA
3003900100,NA,NA
3003900120,NA,NA
3003900140,NA,NA
3003900160,NA,NA
3003900180,NA,NA
3003900190,NA,NA
3004101000,NA,NA
3004101010,NA,NA
3004101020,NA,NA
3004101045,NA,NA
3004105000,NA,NA
3004105010,NA,NA
3004105045,NA,NA
3004105048,NA,NA
3004105049,NA,NA
3004105055,NA,NA
3004105065,NA,NA
3004105075,NA,NA
3004200000,NA,NA
3004200010,NA,NA
3004200020,NA,NA
3004200030,NA,NA
3004200045,NA,NA
3004200055,NA,NA
3004200065,NA,NA
3004200070,NA,NA
3004200071,NA,NA
3004200072,NA,NA
3004200075,NA,NA
3004200076,NA,NA
3004200080,NA,NA
3004200083,NA,NA
3004310000,NA,NA
3004320000,NA,NA
3004320010,NA,NA
3004320040,NA,NA
3004320060,NA,NA
3004390000,NA,NA
3004390010,NA,NA
3004390020,NA,NA
3004390030,NA,NA
3004390040,NA,NA
3004390045,NA,NA
3004390050,NA,NA
3004390055,NA,NA
3004410000,NA,NA
3004420000,NA,NA
3004490000,NA,NA
3004490005,NA,NA
3004490010,NA,NA
3004490020,NA,NA
3004490030,NA,NA
3004490040,NA,NA
3004490050,NA,NA
3004490060,NA,NA
3004490070,NA,NA
3004501000,NA,NA
3004502000,NA,NA
3004503000,NA,NA
3004504000,NA,NA
3004505000,NA,NA
3004505005,NA,NA
3004505010,NA,NA
3004505020,NA,NA
3004505030,NA,NA
3004505040,NA,NA
3004600000,NA,NA
3004901000,NA,NA
3004909200,NA,NA
3004909201,NA,NA
3004909202,NA,NA
3004909203,NA,NA
3004909204,NA,NA
3004909205,NA,NA
3004909206,NA,NA
3004909207,NA,NA
3004909208,NA,NA
3004909209,NA,NA
3004909210,NA,NA
3004909211,NA,NA
3004909212,NA,NA
3004909213,NA,NA
3004909214,NA,NA
3004909215,NA,NA
3004909216,NA,NA
3004909217,NA,NA
3004909218,NA,NA
3004909219,NA,NA
3004909220,NA,NA
3004909221,NA,NA
3004909222,NA,NA
3004909223,NA,NA
3004909224,NA,NA
3004909225,NA,NA
3004909226,NA,NA
3004909227,NA,NA
3004909228,NA,NA
3004909229,NA,NA
3004909230,NA,NA
3004909231,NA,NA
3004909232,NA,NA
3004909233,NA,NA
3004909234,NA,NA
3004909235,NA,NA
3004909236,NA,NA
3004909237,NA,NA
3004909238,NA,NA
3004909239,NA,NA
3004909240,NA,NA
3004909241,NA,NA
3004909242,NA,NA
3004909243,NA,NA
3004909244,NA,NA
3004909245,NA,NA
3004909246,NA,NA
3004909247,NA,NA
3004909248,NA,NA
3004909249,NA,NA
3004909250,NA,NA
3004909251,NA,NA
3004909252,NA,NA
3004909253,NA,NA
3004909254,NA,NA
3004909255,NA,NA
3004909256,NA,NA
3004909257,NA,NA
3004909258,NA,NA
3004909259,NA,NA
3004909260,NA,NA
3004909261,NA,NA
3004909262,NA,NA
3004909263,NA,NA
3004909264,NA,NA
3004909265,NA,NA
3004909266,NA,NA
3004909267,NA,NA
3004909268,NA,NA
3004909269,NA,NA
3004909270,NA,NA
3004909271,NA,NA
3004909272,NA,NA
3004909273,NA,NA
3004909274,NA,NA
3004909275,NA,NA
3004909276,NA,NA
3004909280,NA,NA
3004909284,NA,NA
3004909289,NA,NA
3004909291,NA,NA
3006301000,NA,NA
3006305000,NA,NA
3006600000,NA,NA
3006700000,NA,NA
3006931000,NA,NA
3006932000,NA,NA
3006935000,NA,NA
3006936000,NA,NA
3006938000,NA,NA
3101000000,2025-11-13,NA
3102100000,2025-11-13,NA
3102100010,2025-11-13,NA
3102100030,2025-11-13,NA
3102100050,2025-11-13,NA
3102210000,2025-11-13,NA
3102290000,2025-11-13,NA
3102300000,2025-11-13,NA
3102400000,2025-11-13,NA
3102500000,2025-11-13,NA
3102600000,2025-11-13,NA
3102800000,2025-11-13,NA
3102900100,2025-11-13,NA
3103110000,2025-11-13,NA
3103190000,2025-11-13,NA
3103900100,2025-11-13,NA
3104200000,NA,NA
3104200010,NA,NA
3104200050,NA,NA
3104300000,NA,NA
3104900100,NA,NA
3105100000,NA,NA
3105200000,NA,NA
3105300000,2025-11-13,NA
3105400000,2025-11-13,NA
3105400010,2025-11-13,NA
3105400050,2025-11-13,NA
3105510000,2025-11-13,NA
3105590000,2025-11-13,NA
3105600000,NA,NA
3105900000,2025-11-13,NA
3105900010,2025-11-13,NA
3105900050,2025-11-13,NA
3203008000,NA,NA
3204138000,NA,NA
3204172000,NA,NA
3204180000,NA,NA
3206110000,NA,NA
3206190000,NA,NA
3402421000,NA,NA
3402422000,NA,NA
3402422010,NA,NA
3402422020,NA,NA
3402422050,NA,NA
3402429000,NA,NA
3606903000,NA,NA
3808941000,NA,NA
3808945000,NA,NA
3808945010,NA,NA
3808945050,NA,NA
3808945080,NA,NA
3808945095,NA,NA
3818000000,NA,NA
3818000010,NA,NA
3818000020,NA,NA
3818000030,NA,NA
3818000095,NA,NA
3824910000,NA,NA
3824992900,NA,NA
3824994900,NA,NA
3824995500,NA,NA
3824999300,NA,2025-09-07
3824999310,NA,2025-09-07
3824999320,NA,2025-09-07
3824999330,NA,2025-09-07
3824999361,NA,2025-09-07
3824999386,NA,2025-09-07
3824999397,NA,2025-09-07
3901909000,NA,NA
3902900000,NA,NA
3902900010,NA,NA
3902900050,NA,NA
3904610000,NA,NA
3904610010,NA,NA
3904610090,NA,NA
3905911000,NA,NA
3905998000,NA,NA
3906905000,NA,NA
3907100000,NA,NA
3907210000,NA,NA
3907290000,NA,2025-09-07
3907300000,NA,2025-09-07
3907610000,NA,2025-09-07
3907610010,NA,2025-09-07
3907610050,NA,2025-09-07
3907690000,NA,2025-09-07
3907690010,NA,2025-09-07
3907690050,NA,2025-09-07
3907700000,NA,NA
3907995000,NA,2025-09-07
3907995010,NA,2025-09-07
3907995050,NA,2025-09-07
3908100000,NA,NA
3910000000,NA,2025-09-07
3911902500,NA,NA
3911909100,NA,NA
3911909110,NA,NA
3911909150,NA,NA
3912310000,NA,NA
3912310010,NA,NA
3912310090,NA,NA
3912390000,NA,NA
3912900000,NA,NA
3912900010,NA,NA
3912900090,NA,NA
3913902000,NA,NA
3913902015,NA,NA
3913902090,NA,NA
3913905000,NA,NA
3914006000,NA,NA
4001100000,NA,NA
4001210000,NA,NA
4001210010,NA,NA
4001210020,NA,NA
4001210030,NA,NA
4001210050,NA,NA
4001220000,NA,NA
4001220005,NA,NA
4001220010,NA,NA
4001220015,NA,NA
4001220020,NA,NA
4001220025,NA,NA
4001220050,NA,NA
4001290000,NA,NA
4001300000,NA,NA
4001300005,NA,NA
4001300010,NA,NA
4001300020,NA,NA
4001300055,NA,NA
4401110000,NA,2025-10-13
4401120000,NA,2025-10-13
4401210000,NA,2025-10-13
4401220000,NA,2025-10-13
4401310000,NA,2025-10-13
4401320000,NA,2025-10-13
4401394210,NA,2025-10-13
4401394220,NA,2025-10-13
4401394290,NA,2025-10-13
4401410000,NA,2025-10-13
4401490020,NA,2025-10-13
4401490090,NA,2025-10-13
4402100000,NA,2025-10-13
4402200000,NA,2025-10-13
4402900100,NA,2025-10-13
4403110020,NA,2025-10-13
4403110040,NA,2025-10-13
4403110050,NA,2025-10-13
4403110060,NA,2025-10-13
4403120020,NA,2025-10-13
4403120040,NA,2025-10-13
4403120050,NA,2025-10-13
4403120060,NA,2025-10-13
4403210112,NA,2025-10-13
4403210115,NA,2025-10-13
4403210116,NA,2025-10-13
4403210120,NA,2025-10-13
4403210125,NA,2025-10-13
4403210130,NA,2025-10-13
4403210165,NA,2025-10-13
4403220108,NA,2025-10-13
4403220112,NA,2025-10-13
4403220115,NA,2025-10-13
4403220116,NA,2025-10-13
4403220120,NA,2025-10-13
4403220125,NA,2025-10-13
4403220130,NA,2025-10-13
4403220165,NA,2025-10-13
4403230112,NA,2025-10-13
4403230115,NA,2025-10-13
4403230116,NA,2025-10-13
4403230135,NA,2025-10-13
4403230142,NA,2025-10-13
4403230165,NA,2025-10-13
4403240104,NA,2025-10-13
4403240112,NA,2025-10-13
4403240115,NA,2025-10-13
4403240116,NA,2025-10-13
4403240135,NA,2025-10-13
4403240142,NA,2025-10-13
4403240165,NA,2025-10-13
4403250112,NA,2025-10-13
4403250115,NA,2025-10-13
4403250116,NA,2025-10-13
4403250140,NA,2025-10-13
4403250150,NA,2025-10-13
4403250152,NA,2025-10-13
4403250155,NA,2025-10-13
4403250157,NA,2025-10-13
4403250164,NA,2025-10-13
4403250165,NA,2025-10-13
4403260108,NA,2025-10-13
4403260112,NA,2025-10-13
4403260115,NA,2025-10-13
4403260116,NA,2025-10-13
4403260140,NA,2025-10-13
4403260150,NA,2025-10-13
4403260152,NA,2025-10-13
4403260155,NA,2025-10-13
4403260157,NA,2025-10-13
4403260164,NA,2025-10-13
4403260165,NA,2025-10-13
4403420000,NA,NA
4403490200,NA,NA
4403910000,NA,2025-10-13
4403910020,NA,2025-10-13
4403910040,NA,2025-10-13
4403930100,NA,2025-10-13
4403940100,NA,2025-10-13
4403950127,NA,2025-10-13
4403950130,NA,2025-10-13
4403960123,NA,2025-10-13
4403960127,NA,2025-10-13
4403960130,NA,2025-10-13
4403970022,NA,2025-10-13
4403970026,NA,2025-10-13
4403970065,NA,2025-10-13
4403970067,NA,2025-10-13
4403980023,NA,2025-10-13
4403980028,NA,2025-10-13
4403980095,NA,2025-10-13
4403990123,NA,2025-10-13
4403990128,NA,2025-10-13
4403990140,NA,2025-10-13
4403990150,NA,2025-10-13
4403990155,NA,2025-10-13
4403990160,NA,2025-10-13
4403990170,NA,2025-10-13
4403990175,NA,2025-10-13
4403990195,NA,2025-10-13
4404100040,NA,2025-10-13
4404100080,NA,2025-10-13
4404100090,NA,2025-10-13
4404200040,NA,2025-10-13
4404200080,NA,2025-10-13
4404200090,NA,2025-10-13
4405000000,NA,2025-10-13
4406110000,NA,2025-10-13
4406120000,NA,2025-10-13
4406910000,NA,2025-10-13
4406920000,NA,2025-10-13
4407110001,NA,2025-10-13
4407110002,NA,2025-10-13
4407110042,NA,2025-10-13
4407110043,NA,2025-10-13
4407110044,NA,2025-10-13
4407110045,NA,2025-10-13
4407110046,NA,2025-10-13
4407110047,NA,2025-10-13
4407110048,NA,2025-10-13
4407110049,NA,2025-10-13
4407110052,NA,2025-10-13
4407110053,NA,2025-10-13
4407120001,NA,2025-10-13
4407120002,NA,2025-10-13
4407120017,NA,2025-10-13
4407120018,NA,2025-10-13
4407120019,NA,2025-10-13
4407120020,NA,2025-10-13
4407120058,NA,2025-10-13
4407120059,NA,2025-10-13
4407130000,NA,2025-10-13
4407140000,NA,2025-10-13
4407190001,NA,2025-10-13
4407190002,NA,2025-10-13
4407190054,NA,2025-10-13
4407190055,NA,2025-10-13
4407190056,NA,2025-10-13
4407190057,NA,2025-10-13
4407190064,NA,2025-10-13
4407190065,NA,2025-10-13
4407190066,NA,2025-10-13
4407190067,NA,2025-10-13
4407190068,NA,2025-10-13
4407190069,NA,2025-10-13
4407190074,NA,2025-10-13
4407190075,NA,2025-10-13
4407190076,NA,2025-10-13
4407190077,NA,2025-10-13
4407190082,NA,2025-10-13
4407190083,NA,2025-10-13
4407190092,NA,2025-10-13
4407190093,NA,2025-10-13
4407210000,NA,NA
4407220000,NA,NA
4407220006,NA,NA
4407220091,NA,NA
4407230100,NA,NA
4407250000,NA,NA
4407260000,NA,NA
4407270000,NA,NA
4407280000,NA,NA
4407290200,NA,NA
4407290206,NA,NA
4407290211,NA,NA
4407290216,NA,NA
4407290220,NA,NA
4407290240,NA,NA
4407290260,NA,NA
4407290285,NA,NA
4407290296,NA,NA
4407910022,NA,2025-10-13
4407910063,NA,2025-10-13
4407920000,NA,2025-10-13
4407930000,NA,2025-10-13
4407930010,NA,2025-10-13
4407930020,NA,2025-10-13
4407940000,NA,2025-10-13
4407950000,NA,2025-10-13
4407960000,NA,2025-10-13
4407960011,NA,2025-10-13
4407960013,NA,2025-10-13
4407960019,NA,2025-10-13
4407970000,NA,2025-10-13
4407970072,NA,2025-10-13
4407970079,NA,2025-10-13
4407990200,NA,2025-10-13
4407990242,NA,2025-10-13
4407990261,NA,2025-10-13
4407990263,NA,2025-10-13
4407990295,NA,2025-10-13
4408100100,NA,2025-10-13
4408100125,NA,2025-10-13
4408100145,NA,2025-10-13
4408310100,NA,NA
4408390200,NA,NA
4408390210,NA,NA
4408390220,NA,NA
4408390230,NA,NA
4408390240,NA,NA
4408390250,NA,NA
4408390260,NA,NA
4408390270,NA,NA
4408390291,NA,NA
4408900100,NA,2025-10-13
4408900105,NA,2025-10-13
4408900110,NA,2025-10-13
4408900115,NA,2025-10-13
4408900121,NA,2025-10-13
4408900131,NA,2025-10-13
4408900137,NA,2025-10-13
4408900145,NA,2025-10-13
4408900151,NA,2025-10-13
4408900156,NA,2025-10-13
4408900161,NA,2025-10-13
4408900166,NA,2025-10-13
4408900171,NA,2025-10-13
4408900176,NA,2025-10-13
4408900181,NA,2025-10-13
4408900187,NA,2025-10-13
4408900197,NA,2025-10-13
4409100500,NA,2025-10-13
4409101020,NA,2025-10-13
4409101040,NA,2025-10-13
4409101060,NA,2025-10-13
4409101080,NA,2025-10-13
4409102000,NA,2025-10-13
4409104010,NA,2025-10-13
4409104090,NA,2025-10-13
4409104500,NA,2025-10-13
4409105000,NA,2025-10-13
4409106000,NA,2025-10-13
4409106500,NA,2025-10-13
4409109020,NA,2025-10-13
4409109040,NA,2025-10-13
4409210500,NA,2025-10-13
4409219000,NA,2025-10-13
4409220500,NA,2025-10-13
4409220515,NA,2025-10-13
4409220520,NA,2025-10-13
4409220535,NA,2025-10-13
4409220545,NA,2025-10-13
4409220560,NA,2025-10-13
4409220590,NA,2025-10-13
4409221000,NA,2025-10-13
4409222500,NA,2025-10-13
4409224000,NA,2025-10-13
4409225000,NA,2025-10-13
4409225020,NA,2025-10-13
4409225040,NA,2025-10-13
4409225060,NA,2025-10-13
4409225090,NA,2025-10-13
4409226000,NA,2025-10-13
4409226500,NA,2025-10-13
4409229000,NA,2025-10-13
4409229020,NA,2025-10-13
4409229030,NA,2025-10-13
4409229045,NA,2025-10-13
4409229060,NA,2025-10-13
4409229090,NA,2025-10-13
4409290655,NA,2025-10-13
4409290665,NA,2025-10-13
4409291100,NA,2025-10-13
4409292630,NA,2025-10-13
4409292650,NA,2025-10-13
4409292660,NA,2025-10-13
4409294100,NA,2025-10-13
4409295100,NA,2025-10-13
4409296100,NA,2025-10-13
4409296600,NA,2025-10-13
4409299100,NA,2025-10-13
4410110010,NA,2025-10-13
4410110020,NA,2025-10-13
4410110030,NA,2025-10-13
4410110060,NA,2025-10-13
4410120010,NA,2025-10-13
4410120020,NA,2025-10-13
4410190010,NA,2025-10-13
4410190020,NA,2025-10-13
4410190030,NA,2025-10-13
4410190060,NA,2025-10-13
4410900000,NA,2025-10-13
4411121000,NA,2025-10-13
4411122000,NA,2025-10-13
4411123000,NA,2025-10-13
4411126000,NA,2025-10-13
4411129010,NA,2025-10-13
4411129090,NA,2025-10-13
4411131000,NA,2025-10-13
4411132000,NA,2025-10-13
4411133000,NA,2025-10-13
4411136000,NA,2025-10-13
4411139010,NA,2025-10-13
4411139090,NA,2025-10-13
4411141000,NA,2025-10-13
4411142000,NA,2025-10-13
4411143000,NA,2025-10-13
4411146000,NA,2025-10-13
4411149010,NA,2025-10-13
4411149090,NA,2025-10-13
4411921000,NA,2025-10-13
4411922000,NA,2025-10-13
4411923000,NA,2025-10-13
4411924000,NA,2025-10-13
4411931000,NA,2025-10-13
4411932000,NA,2025-10-13
4411933000,NA,2025-10-13
4411936000,NA,2025-10-13
4411939010,NA,2025-10-13
4411939090,NA,2025-10-13
4411940010,NA,2025-10-13
4411940020,NA,2025-10-13
4411940030,NA,2025-10-13
4411940040,NA,2025-10-13
4411940050,NA,2025-10-13
4411940060,NA,2025-10-13
4411940070,NA,2025-10-13
4411940080,NA,2025-10-13
4412100500,NA,2025-10-13
4412109000,NA,2025-10-13
4412310600,NA,2025-10-13
4412310620,NA,2025-10-13
4412310640,NA,2025-10-13
4412310660,NA,2025-10-13
4412312600,NA,2025-10-13
4412312610,NA,2025-10-13
4412312620,NA,2025-10-13
4412314200,NA,2025-10-13
4412314500,NA,2025-10-13
4412314800,NA,2025-10-13
4412314850,NA,2025-10-13
4412314860,NA,2025-10-13
4412314863,NA,2025-10-13
4412314866,NA,2025-10-13
4412314869,NA,2025-10-13
4412314875,NA,2025-10-13
4412314880,NA,2025-10-13
4412315200,NA,2025-10-13
4412315225,NA,2025-10-13
4412315235,NA,2025-10-13
4412315255,NA,2025-10-13
4412315260,NA,2025-10-13
4412315262,NA,2025-10-13
4412315264,NA,2025-10-13
4412315266,NA,2025-10-13
4412315268,NA,2025-10-13
4412315270,NA,2025-10-13
4412315275,NA,2025-10-13
4412316100,NA,2025-10-13
4412319200,NA,2025-10-13
4412330620,NA,2025-10-13
4412330640,NA,2025-10-13
4412330665,NA,2025-10-13
4412330670,NA,2025-10-13
4412332625,NA,2025-10-13
4412332630,NA,2025-10-13
4412333225,NA,2025-10-13
4412333235,NA,2025-10-13
4412333255,NA,2025-10-13
4412333265,NA,2025-10-13
4412333275,NA,2025-10-13
4412333285,NA,2025-10-13
4412335700,NA,2025-10-13
4412342600,NA,2025-10-13
4412343225,NA,2025-10-13
4412343235,NA,2025-10-13
4412343255,NA,2025-10-13
4412343265,NA,2025-10-13
4412343275,NA,2025-10-13
4412343285,NA,2025-10-13
4412345700,NA,2025-10-13
4412391000,NA,2025-10-13
4412393000,NA,2025-10-13
4412394011,NA,2025-10-13
4412394012,NA,2025-10-13
4412394019,NA,2025-10-13
4412394031,NA,2025-10-13
4412394032,NA,2025-10-13
4412394039,NA,2025-10-13
4412394051,NA,2025-10-13
4412394052,NA,2025-10-13
4412394059,NA,2025-10-13
4412394061,NA,2025-10-13
4412394062,NA,2025-10-13
4412394069,NA,2025-10-13
4412395010,NA,2025-10-13
4412395030,NA,2025-10-13
4412395050,NA,2025-10-13
4412410000,NA,2025-10-13
4412420000,NA,2025-10-13
4412490000,NA,2025-10-13
4412511000,NA,2025-10-13
4412511030,NA,2025-10-13
4412511050,NA,2025-10-13
4412513100,NA,2025-10-13
4412513105,NA,2025-10-13
4412513111,NA,2025-10-13
4412513121,NA,2025-10-13
4412513141,NA,2025-10-13
4412513161,NA,2025-10-13
4412513175,NA,2025-10-13
4412514100,NA,2025-10-13
4412515100,NA,2025-10-13
4412521030,NA,2025-10-13
4412521050,NA,2025-10-13
4412523105,NA,2025-10-13
4412523121,NA,2025-10-13
4412523161,NA,2025-10-13
4412523175,NA,2025-10-13
4412524100,NA,2025-10-13
4412525100,NA,2025-10-13
4412598000,NA,2025-10-13
4412599000,NA,2025-10-13
4412599500,NA,2025-10-13
4412910600,NA,2025-10-13
4412911000,NA,2025-10-13
4412911020,NA,2025-10-13
4412911030,NA,2025-10-13
4412911040,NA,2025-10-13
4412913100,NA,2025-10-13
4412913110,NA,2025-10-13
4412913120,NA,2025-10-13
4412913130,NA,2025-10-13
4412913140,NA,2025-10-13
4412913150,NA,2025-10-13
4412913160,NA,2025-10-13
4412913170,NA,2025-10-13
4412914100,NA,2025-10-13
4412915100,NA,2025-10-13
4412915105,NA,2025-10-13
4412915115,NA,2025-10-13
4412920700,NA,2025-10-13
4412921120,NA,2025-10-13
4412921130,NA,2025-10-13
4412921140,NA,2025-10-13
4412923120,NA,2025-10-13
4412923150,NA,2025-10-13
4412923160,NA,2025-10-13
4412923170,NA,2025-10-13
4412924200,NA,2025-10-13
4412925205,NA,2025-10-13
4412925215,NA,2025-10-13
4412995800,NA,2025-10-13
4412996100,NA,2025-10-13
4412997100,NA,2025-10-13
4412998100,NA,2025-10-13
4412999100,NA,2025-10-13
4412999700,NA,2025-10-13
4413000000,NA,2025-10-13
4703110000,2025-09-08,NA
4703210000,2025-09-08,NA
4703210020,2025-09-08,NA
4703210040,2025-09-08,NA
4703290000,2025-09-08,NA
4703290020,2025-09-08,NA
4703290040,2025-09-08,NA
4820200000,NA,NA
4901100000,NA,NA
4901100020,NA,NA
4901100040,NA,NA
4901910000,NA,NA
4901910020,NA,NA
4901910040,NA,NA
4901990000,NA,NA
4901990010,NA,NA
4901990020,NA,NA
4901990030,NA,NA
4901990040,NA,NA
4901990050,NA,NA
4901990060,NA,NA
4901990065,NA,NA
4901990070,NA,NA
4901990075,NA,NA
4901990091,NA,NA
4901990092,NA,NA
4901990093,NA,NA
4902100000,NA,NA
4902901000,NA,NA
4902902000,NA,NA
4902902020,NA,NA
4902902040,NA,NA
4902902060,NA,NA
4903000000,NA,NA
4904000000,NA,NA
4904000020,NA,NA
4904000040,NA,NA
4905200000,NA,NA
4905902000,NA,NA
4905906000,NA,NA
4906000000,NA,NA
4907000000,NA,NA
4908100000,NA,NA
4908900000,NA,NA
4909002000,NA,NA
4909004000,NA,NA
4910002000,NA,NA
4910004000,NA,NA
4910006000,NA,NA
4911100000,NA,NA
4911100020,NA,NA
4911100040,NA,NA
4911100060,NA,NA
4911100080,NA,NA
4911911000,NA,NA
4911911500,NA,NA
4911912020,NA,NA
4911912040,NA,NA
4911913000,NA,NA
4911914020,NA,NA
4911914040,NA,NA
4911992000,NA,NA
4911996000,NA,NA
4911998000,NA,NA
7106911000,NA,NA
7106911010,NA,NA
7106911020,NA,NA
7108110000,2025-09-08,NA
7108121000,NA,NA
7108121013,NA,NA
7108121017,NA,NA
7108121020,NA,NA
7108125000,2025-09-08,NA
7108125010,2025-09-08,NA
7108125050,2025-09-08,NA
7108131000,2025-09-08,NA
7108135500,2025-09-08,NA
7108137000,2025-09-08,NA
7108200000,2025-09-08,NA
7110110000,NA,NA
7110110010,NA,NA
7110110020,NA,NA
7110110050,NA,NA
7110190000,NA,NA
7110210000,NA,NA
7110290000,NA,NA
7110310000,NA,NA
7110390000,NA,NA
7110410000,NA,NA
7110410010,NA,NA
7110410020,NA,NA
7110410030,NA,NA
7110410050,NA,NA
7110490000,NA,NA
7110490010,NA,NA
7110490050,NA,NA
7112920100,NA,NA
7115900500,2025-09-08,NA
7115900530,2025-09-08,NA
7115900560,2025-09-08,NA
7115900590,2025-09-08,NA
7115903000,2025-09-08,NA
7118900000,NA,NA
7118900011,NA,NA
7118900019,NA,NA
7118900020,NA,NA
7118900055,NA,NA
7202111000,NA,NA
7202115000,NA,NA
7202191000,NA,NA
7202195000,NA,NA
7202300000,NA,NA
7202410000,NA,NA
7202491000,NA,NA
7202495000,NA,NA
7202495010,NA,NA
7202495090,NA,NA
7202500000,NA,NA
7202600000,2025-09-08,NA
7202800000,NA,NA
7202910000,NA,NA
7202934000,NA,NA
7202938000,NA,NA
7204210000,NA,NA
7401000000,NA,NA
7402000000,NA,NA
7403110000,NA,NA
7403120000,NA,NA
7403130000,NA,NA
7403190000,NA,NA
7403210000,NA,NA
7403220000,NA,NA
7403290100,NA,NA
7403290110,NA,NA
7403290180,NA,NA
7404003000,NA,NA
7404003020,NA,NA
7404003045,NA,NA
7404003055,NA,NA
7404003065,NA,NA
7404003090,NA,NA
7404006000,NA,NA
7404006020,NA,NA
7404006045,NA,NA
7404006055,NA,NA
7404006065,NA,NA
7404006090,NA,NA
7405001000,NA,NA
7405006000,NA,NA
7405006030,NA,NA
7405006050,NA,NA
7406100000,NA,2025-07-31
7406200000,NA,2025-07-31
7407101500,NA,2025-07-31
7407103000,NA,2025-07-31
7407105010,NA,2025-07-31
7407105050,NA,2025-07-31
7407211500,NA,2025-07-31
7407213000,NA,2025-07-31
7407215000,NA,2025-07-31
7407217000,NA,2025-07-31
7407219000,NA,2025-07-31
7407291610,NA,2025-07-31
7407291680,NA,2025-07-31
7407293400,NA,2025-07-31
7407293800,NA,2025-07-31
7407294000,NA,2025-07-31
7407295000,NA,2025-07-31
7408113000,NA,2025-07-31
7408116000,NA,2025-07-31
7408190030,NA,2025-07-31
7408190060,NA,2025-07-31
7408210000,NA,2025-07-31
7408221000,NA,2025-07-31
7408225000,NA,2025-07-31
7408291000,NA,2025-07-31
7408295000,NA,2025-07-31
7409111000,NA,2025-07-31
7409115010,NA,2025-07-31
7409115050,NA,2025-07-31
7409191000,NA,2025-07-31
7409195000,NA,2025-07-31
7409199000,NA,2025-07-31
7409210010,NA,2025-07-31
7409210050,NA,2025-07-31
7409210075,NA,2025-07-31
7409210090,NA,2025-07-31
7409290010,NA,2025-07-31
7409290050,NA,2025-07-31
7409290075,NA,2025-07-31
7409290090,NA,2025-07-31
7409311000,NA,2025-07-31
7409315000,NA,2025-07-31
7409319000,NA,2025-07-31
7409391030,NA,2025-07-31
7409391060,NA,2025-07-31
7409395000,NA,2025-07-31
7409399030,NA,2025-07-31
7409399060,NA,2025-07-31
7409400000,NA,2025-07-31
7409901030,NA,2025-07-31
7409901060,NA,2025-07-31
7409905030,NA,2025-07-31
7409905060,NA,2025-07-31
7409909030,NA,2025-07-31
7409909060,NA,2025-07-31
7410110000,NA,2025-07-31
7410120030,NA,2025-07-31
7410120060,NA,2025-07-31
7410213020,NA,2025-07-31
7410213040,NA,2025-07-31
7410213060,NA,2025-07-31
7410216000,NA,2025-07-31
7410220000,NA,2025-07-31
7411101030,NA,2025-07-31
7411101090,NA,2025-07-31
7411105000,NA,2025-07-31
7411211000,NA,2025-07-31
7411215000,NA,2025-07-31
7411220000,NA,2025-07-31
7411291000,NA,2025-07-31
7411295000,NA,2025-07-31
7412100000,NA,2025-07-31
7412200015,NA,2025-07-31
7412200025,NA,2025-07-31
7412200035,NA,2025-07-31
7412200045,NA,2025-07-31
7412200065,NA,2025-07-31
7412200085,NA,2025-07-31
7412200090,NA,2025-07-31
7413001000,NA,2025-07-31
7413005000,NA,2025-07-31
7413009000,NA,2025-07-31
7415100000,NA,2025-07-31
7415210000,NA,2025-07-31
7415290000,NA,2025-07-31
7415330500,NA,2025-07-31
7415331000,NA,2025-07-31
7415338010,NA,2025-07-31
7415338050,NA,2025-07-31
7415390000,NA,2025-07-31
7418100002,NA,2025-07-31
7418100004,NA,2025-07-31
7418100019,NA,2025-07-31
7418100021,NA,2025-07-31
7418100023,NA,2025-07-31
7418100025,NA,2025-07-31
7418100051,NA,2025-07-31
7418100053,NA,2025-07-31
7418100055,NA,2025-07-31
7418201000,NA,2025-07-31
7418205000,NA,2025-07-31
7419200010,NA,2025-07-31
7419200050,NA,2025-07-31
7419800300,NA,2025-07-31
7419800660,NA,2025-07-31
7419800680,NA,2025-07-31
7419800900,NA,2025-07-31
7419801500,NA,2025-07-31
7419801600,NA,2025-07-31
7419801700,NA,2025-07-31
7419803000,NA,2025-07-31
7419805010,NA,2025-07-31
7419805050,NA,2025-07-31
7501100000,2025-09-08,NA
7502100000,2025-09-08,NA
7502200000,2025-09-08,NA
7503000000,2025-09-08,NA
7504000000,2025-09-08,NA
7504000010,2025-09-08,NA
7504000050,2025-09-08,NA
7508905000,NA,NA
7901110000,NA,NA
7901121000,NA,NA
7901125000,NA,NA
7901200000,NA,NA
7902000000,NA,NA
7903903000,2025-09-08,NA
7907006000,NA,NA
8001100000,NA,NA
8001200000,NA,NA
8001200010,NA,NA
8001200050,NA,NA
8001200090,NA,NA
8002000000,NA,NA
8007005000,NA,NA
8101100000,NA,NA
8101970000,NA,NA
8103200000,NA,NA
8103200030,NA,NA
8103200090,NA,NA
8103300000,NA,NA
8103910000,NA,NA
8103990000,NA,NA
8104110000,NA,NA
8104190000,NA,NA
8104200000,NA,NA
8104300000,NA,NA
8104900000,NA,NA
8105203000,NA,NA
8105206000,NA,NA
8105209000,NA,NA
8105300000,NA,NA
8105900000,NA,NA
8106100000,NA,NA
8106900000,NA,NA
8108200000,NA,NA
8108200010,NA,NA
8108200015,NA,NA
8108200030,NA,NA
8108200095,NA,NA
8108300000,NA,NA
8108903000,NA,NA
8108903030,NA,NA
8108903060,NA,NA
8108906000,NA,NA
8108906020,NA,NA
8108906031,NA,NA
8108906045,NA,NA
8108906060,NA,NA
8108906075,NA,NA
8110100000,NA,NA
8110200000,NA,NA
8110900000,NA,NA
8111004700,NA,NA
8111004900,NA,NA
8111004910,NA,NA
8111004990,NA,NA
8112210000,NA,NA
8112220000,NA,NA
8112290000,NA,NA
8112411000,NA,NA
8112415000,NA,NA
8112490000,NA,NA
8112590000,NA,NA
8112921000,NA,NA
8112923000,NA,NA
8112924000,NA,NA
8112926000,NA,NA
8112926500,NA,NA
8112991000,NA,NA
8112999100,NA,NA
8471300100,2025-04-05,NA
8471410100,2025-04-05,NA
8471410110,2025-04-05,NA
8471410150,2025-04-05,NA
8471490000,2025-04-05,NA
8471500100,2025-04-05,NA
8471500110,2025-04-05,NA
8471500150,2025-04-05,NA
8471601000,2025-04-05,NA
8471601010,2025-04-05,NA
8471601050,2025-04-05,NA
8471602000,2025-04-05,NA
8471607000,2025-04-05,NA
8471608000,2025-04-05,NA
8471609000,2025-04-05,NA
8471609030,2025-04-05,NA
8471609050,2025-04-05,NA
8471701000,2025-04-05,NA
8471702000,2025-04-05,NA
8471703000,2025-04-05,NA
8471704000,2025-04-05,NA
8471704035,2025-04-05,NA
8471704065,2025-04-05,NA
8471704095,2025-04-05,NA
8471705000,2025-04-05,NA
8471705035,2025-04-05,NA
8471705065,2025-04-05,NA
8471705095,2025-04-05,NA
8471706000,2025-04-05,NA
8471709000,2025-04-05,NA
8471801000,2025-04-05,NA
8471804000,2025-04-05,NA
8471809000,2025-04-05,NA
8471900000,2025-04-05,NA
8473301140,2025-04-05,NA
8473301180,2025-04-05,NA
8473302000,2025-04-05,NA
8473305100,2025-04-05,NA
8473309100,2025-04-05,NA
8486100000,2025-04-05,NA
8486200000,2025-04-05,NA
8486300000,2025-04-05,NA
8486400010,2025-04-05,NA
8486400020,2025-04-05,NA
8486400030,2025-04-05,NA
8486900000,2025-04-05,NA
8505110010,2025-09-08,NA
8505110030,2025-09-08,NA
8505110050,2025-09-08,NA
8505110070,2025-09-08,NA
850511007000,2025-09-08,NA
8505110090,2025-09-08,NA
8517130000,2025-04-05,NA
8517620000,2025-04-05,NA
8517620010,2025-04-05,NA
8517620020,2025-04-05,NA
8517620090,2025-04-05,NA
8523510000,2025-04-05,NA
8524111000,2025-04-05,NA
8524119000,2025-04-05,NA
8524120000,2025-04-05,NA
8524190000,2025-04-05,NA
8524911000,2025-04-05,NA
8524919000,2025-04-05,NA
8524920000,2025-04-05,NA
8524990000,2025-04-05,NA
8528520000,2025-04-05,NA
8541100000,NA,NA
8541100040,NA,NA
8541100050,NA,NA
8541100060,NA,NA
8541100070,NA,NA
8541100080,NA,NA
8541210000,NA,NA
8541210040,NA,NA
8541210075,NA,NA
8541210095,NA,NA
8541290000,NA,NA
8541290040,NA,NA
8541290055,NA,NA
8541290065,NA,NA
8541290075,NA,NA
8541290085,NA,NA
8541290095,NA,NA
8541300000,NA,NA
8541300040,NA,NA
8541300080,NA,NA
8541410000,2025-09-08,NA
8541491000,NA,NA
8541491010,NA,NA
8541491050,NA,NA
8541497000,NA,NA
8541497040,NA,NA
8541497080,NA,NA
8541498000,NA,NA
8541499500,NA,NA
8541510000,NA,NA
8541590000,NA,NA
8541590040,NA,NA
8541590080,NA,NA
8541900000,NA,NA
8541900010,NA,NA
8541900080,NA,NA
8542310000,NA,NA
8542310015,NA,NA
8542310020,NA,NA
8542310025,NA,NA
8542310030,NA,NA
8542310035,NA,NA
8542310040,NA,NA
8542310045,NA,NA
8542310050,NA,NA
8542310055,NA,NA
8542310060,NA,NA
8542310065,NA,NA
8542310070,NA,NA
8542310075,NA,NA
8542320000,NA,NA
8542320002,NA,NA
8542320024,NA,NA
8542320028,NA,NA
8542320032,NA,NA
8542320036,NA,NA
8542320041,NA,NA
8542320051,NA,NA
8542320061,NA,NA
8542320071,NA,NA
8542330000,NA,NA
8542330001,NA,NA
8542390000,NA,NA
8542390010,NA,NA
8542390020,NA,NA
8542390030,NA,NA
8542390040,NA,NA
8542390050,NA,NA
8542390070,NA,NA
8542390090,NA,NA
8542900000,NA,NA
9701210000,NA,NA
9701220000,NA,NA
9701290000,NA,NA
9701910000,NA,NA
9701920000,NA,NA
9701990000,NA,NA
9702100000,NA,NA
9702900000,NA,NA
9703100000,NA,NA
9703900000,NA,NA
9704000000,NA,NA
9705100010,NA,NA
9705100020,NA,NA
9705100090,NA,NA
9705210000,NA,NA
9705220000,NA,NA
9705290000,NA,NA
9705310001,NA,NA
9705310010,NA,NA
9705310040,NA,NA
9705310050,NA,NA
9705310065,NA,NA
9705390010,NA,NA
9705390040,NA,NA
9706100020,NA,NA
9706100040,NA,NA
9706100060,NA,NA
9706900020,NA,NA
9706900040,NA,NA
9706900060,NA,NA
9801001010,NA,NA
9801001012,NA,NA
9801001015,NA,NA
9801001026,NA,NA
9801001027,NA,NA
9801001028,NA,NA
9801001029,NA,NA
9801001030,NA,NA
9801001031,NA,NA
9801001035,NA,NA
9801001037,NA,NA
9801001043,NA,NA
9801001045,NA,NA
9801001049,NA,NA
9801001051,NA,NA
9801001053,NA,NA
9801001055,NA,NA
9801001059,NA,NA
9801001063,NA,NA
9801001064,NA,NA
9801001065,NA,NA
9801001066,NA,NA
9801001067,NA,NA
9801001069,NA,NA
9801001074,NA,NA
9801001075,NA,NA
9801001077,NA,NA
9801001079,NA,NA
9801001089,NA,NA
9801001090,NA,NA
9801001092,NA,NA
9801001094,NA,NA
9801001097,NA,NA
9801001098,NA,NA
9801001100,NA,NA
9801002000,NA,NA
9801002500,NA,NA
9801002600,NA,NA
9801003000,NA,NA
9801004000,NA,NA
9801005000,NA,NA
9801006000,NA,NA
9801006500,NA,NA
9801007000,NA,NA
9801008010,NA,NA
9801008020,NA,NA
9801008030,NA,NA
9801008040,NA,NA
9801008090,NA,NA
9801008500,NA,NA
9801009000,NA,NA
9802002000,NA,NA
9802004000,NA,NA
9802004020,NA,NA
9802004040,NA,NA
9802005000,NA,NA
9802005010,NA,NA
9802005030,NA,NA
9802005060,NA,NA
9802006000,NA,NA
9802008000,NA,NA
9802008015,NA,NA
9802008016,NA,NA
9802008040,NA,NA
9802008042,NA,NA
9802008044,NA,NA
9802008046,NA,NA
9802008048,NA,NA
9802008069,NA,NA
9802009100,NA,NA
9803005000,NA,NA
9804000500,NA,NA
9804001000,NA,NA
9804001500,NA,NA
9804002000,NA,NA
9804002500,NA,NA
9804003000,NA,NA
9804003500,NA,NA
9804004000,NA,NA
9804004500,NA,NA
9804005000,NA,NA
9804005500,NA,NA
9804006000,NA,NA
9804006500,NA,NA
9804007000,NA,NA
9804007200,NA,NA
9804007500,NA,NA
9804008000,NA,NA
9804008500,NA,NA
9805005000,NA,NA
9806000500,NA,NA
9806001000,NA,NA
9806001500,NA,NA
9806002000,NA,NA
9806002500,NA,NA
9806003000,NA,NA
9806003500,NA,NA
9806004000,NA,NA
9806004500,NA,NA
9806005000,NA,NA
9806005500,NA,NA
9807004000,NA,NA
9807005000,NA,NA
9808001000,NA,NA
9808002000,NA,NA
9808003000,NA,NA
9808004000,NA,NA
9808005000,NA,NA
9808006000,NA,NA
9808007000,NA,NA
9808008000,NA,NA
9809001000,NA,NA
9809002000,NA,NA
9809003000,NA,NA
9809004000,NA,NA
9809005000,NA,NA
9809006000,NA,NA
9809007000,NA,NA
9809008000,NA,NA
9810000500,NA,NA
9810001000,NA,NA
9810001500,NA,NA
9810002000,NA,NA
9810002500,NA,NA
9810003000,NA,NA
9810003500,NA,NA
9810004000,NA,NA
9810004500,NA,NA
9810005000,NA,NA
9810005500,NA,NA
9810006000,NA,NA
9810006500,NA,NA
9810006700,NA,NA
9810007000,NA,NA
9810007500,NA,NA
9810008000,NA,NA
9810008500,NA,NA
9810009000,NA,NA
9810009500,NA,NA
9811002000,NA,NA
9811004000,NA,NA
9811006000,NA,NA
9812002000,NA,NA
9812004000,NA,NA
9813000520,NA,NA
9813000540,NA,NA
9813001000,NA,NA
9813001500,NA,NA
9813002000,NA,NA
9813002500,NA,NA
9813003000,NA,NA
9813003500,NA,NA
9813004000,NA,NA
9813004500,NA,NA
9813005000,NA,NA
9813005500,NA,NA
9813006000,NA,NA
9813007000,NA,NA
9813007500,NA,NA
9814005000,NA,NA
9815002000,NA,NA
9815004000,NA,NA
9815006000,NA,NA
9816002000,NA,NA
9816004000,NA,NA
9817002000,NA,NA
9817003000,NA,NA
9817004000,NA,NA
9817004200,NA,NA
9817004400,NA,NA
9817004600,NA,NA
9817004800,NA,NA
9817005000,NA,NA
9817006000,NA,NA
9817007000,NA,NA
9817008000,NA,NA
9817009040,NA,NA
9817009060,NA,NA
9817009080,NA,NA
9817009200,NA,NA
9817009400,NA,NA
9817009600,NA,NA
9817009800,NA,NA
9817220500,NA,NA
9817290100,NA,NA
9817290200,NA,NA
9817570100,NA,NA
9817600000,NA,NA
9817610100,NA,NA
9817640100,NA,NA
9817820100,NA,NA
9817840100,NA,NA
9817850100,NA,NA
9817950100,NA,NA
9817950500,NA,NA
9818000100,NA,NA
9818000300,NA,NA
9818000500,NA,NA
9818000700,NA,NA
9819110300,NA,NA
9819110600,NA,NA
9819110900,NA,NA
9819111200,NA,NA
9819111500,NA,NA
9819111800,NA,NA
9819112100,NA,NA
9819112400,NA,NA
9819112700,NA,NA
9819113000,NA,NA
9819113300,NA,NA
9820110300,NA,NA
9820110600,NA,NA
9820110900,NA,NA
9820111200,NA,NA
9820111500,NA,NA
9820111800,NA,NA
9820112100,NA,NA
9820112400,NA,NA
9820112700,NA,NA
9820113000,NA,NA
9820113300,NA,NA
9820420500,NA,NA
9820612500,NA,NA
9820613000,NA,NA
9820613500,NA,NA
9820614000,NA,NA
9820614500,NA,NA
9820620500,NA,NA
9820621200,NA,NA
9820622000,NA,NA
9820622500,NA,NA
9820623000,NA,NA
9820630500,NA,NA
9820650500,NA,NA
9820854400,NA,NA
9822010500,NA,NA
9822011000,NA,NA
9822012500,NA,NA
9822020100,NA,NA
9822020200,NA,NA
9822020300,NA,NA
9822030100,NA,NA
9822030200,NA,NA
9822040100,NA,NA
9822040200,NA,NA
9822040300,NA,NA
9822040500,NA,NA
9822041000,NA,NA
9822041500,NA,NA
9822042000,NA,NA
9822042500,NA,NA
9822043000,NA,NA
9822043500,NA,NA
9822044000,NA,NA
9822044500,NA,NA
9822045000,NA,NA
9822046500,NA,NA
9822050100,NA,NA
9822051000,NA,NA
9822051100,NA,NA
9822051300,NA,NA
9822051500,NA,NA
9822052000,NA,NA
9822052500,NA,NA
9822053000,NA,NA
9822053500,NA,NA
9822054000,NA,NA
9822054500,NA,NA
9822055000,NA,NA
9822055500,NA,NA
9822056000,NA,NA
9822056500,NA,NA
9822057000,NA,NA
9822060500,NA,NA
9822061000,NA,NA
9822061500,NA,NA
9822062000,NA,NA
9822062500,NA,NA
9822071000,NA,NA
9822071500,NA,NA
9822072500,NA,NA
9822080100,NA,NA
9822082500,NA,NA
9822083500,NA,NA
9822091700,NA,NA
9822091800,NA,NA
9822092000,NA,NA
9822092200,NA,NA
9822092400,NA,NA
9822092600,NA,NA
9822096100,NA,NA
9822096200,NA,NA
9822096300,NA,NA
9822096500,NA,NA
9822097000,NA,NA
9823010100,NA,NA
9823010200,NA,NA
9823010300,NA,NA
9823010400,NA,NA
9823010500,NA,NA
9823010600,NA,NA
9823010700,NA,NA
9823020100,NA,NA
9823020200,NA,NA
9823020300,NA,NA
9823020400,NA,NA
9823030100,NA,NA
9823030200,NA,NA
9823030300,NA,NA
9823030400,NA,NA
9823030500,NA,NA
9823030600,NA,NA
9823030700,NA,NA
9823030800,NA,NA
9823030900,NA,NA
9823031000,NA,NA
9823031100,NA,NA
9823031200,NA,NA
9823040100,NA,NA
9823040200,NA,NA
9823040300,NA,NA
9823040400,NA,NA
9823040500,NA,NA
9823040600,NA,NA
9823040700,NA,NA
9823040800,NA,NA
9823040900,NA,NA
9823041000,NA,NA
9823041100,NA,NA
9823041200,NA,NA
9823041300,NA,NA
9823041400,NA,NA
9823041500,NA,NA
9823041600,NA,NA
9823041700,NA,NA
9823041800,NA,NA
9823041900,NA,NA
9823042000,NA,NA
9823042100,NA,NA
9823042200,NA,NA
9823042300,NA,NA
9823042400,NA,NA
9823042500,NA,NA
9823042600,NA,NA
9823042700,NA,NA
9823042800,NA,NA
9823042900,NA,NA
9823043000,NA,NA
9823043100,NA,NA
9823043200,NA,NA
9823043300,NA,NA
9823043400,NA,NA
9823043500,NA,NA
9823043600,NA,NA
9823043700,NA,NA
9823043800,NA,NA
9823043900,NA,NA
9823044000,NA,NA
9823044100,NA,NA
9823044200,NA,NA
9823044300,NA,NA
9823044400,NA,NA
9823044500,NA,NA
9823044600,NA,NA
9823044700,NA,NA
9823044800,NA,NA
9823044900,NA,NA
9823045000,NA,NA
9823045100,NA,NA
9823045200,NA,NA
9823045300,NA,NA
9823045400,NA,NA
9823050100,NA,NA
9823050200,NA,NA
9823050300,NA,NA
9823050400,NA,NA
9823050500,NA,NA
9823050600,NA,NA
9823060100,NA,NA
9823060200,NA,NA
9823060300,NA,NA
9823060400,NA,NA
9823060500,NA,NA
9823060600,NA,NA
9823060700,NA,NA
9823060800,NA,NA
9823060900,NA,NA
9823070100,NA,NA
9823070200,NA,NA
9823070300,NA,NA
9823070400,NA,NA
9823070500,NA,NA
9823070600,NA,NA
9823070700,NA,NA
9823080100,NA,NA
9823080200,NA,NA
9823080400,NA,NA
9823080500,NA,NA
9823080600,NA,NA
9823080700,NA,NA
9823080800,NA,NA
9823080900,NA,NA
9823081000,NA,NA
9823081100,NA,NA
9823081200,NA,NA
9823081300,NA,NA
9823081400,NA,NA
9823081500,NA,NA
9823081600,NA,NA
9823081700,NA,NA
9823081800,NA,NA
9823081900,NA,NA
9823082000,NA,NA
9823082100,NA,NA
9823082200,NA,NA
9823082300,NA,NA
9823082400,NA,NA
9823082500,NA,NA
9823082600,NA,NA
9823082700,NA,NA
9823082800,NA,NA
9823082900,NA,NA
9823083000,NA,NA
9823083100,NA,NA
9823083200,NA,NA
9823083300,NA,NA
9823083400,NA,NA
9823083500,NA,NA
9823083600,NA,NA
9823083700,NA,NA
9823083800,NA,NA
9823090100,NA,NA
9823090200,NA,NA
9823090300,NA,NA
9823090400,NA,NA
9823090500,NA,NA
9823090600,NA,NA
9823090700,NA,NA
9823090800,NA,NA
9823090900,NA,NA
9823100100,NA,NA
9823100200,NA,NA
9823100300,NA,NA
9823100400,NA,NA
9823100500,NA,NA
9823100600,NA,NA
9823100700,NA,NA
9823100800,NA,NA
9823100900,NA,NA
9823101000,NA,NA
9823101100,NA,NA
9823101200,NA,NA
9823101300,NA,NA
9823101400,NA,NA
9823101500,NA,NA
9823101600,NA,NA
9823101700,NA,NA
9823101800,NA,NA
9823101900,NA,NA
9823102000,NA,NA
9823102100,NA,NA
9823102200,NA,NA
9823102300,NA,NA
9823102400,NA,NA
9823102500,NA,NA
9823102600,NA,NA
9823102700,NA,NA
9823102800,NA,NA
9823102900,NA,NA
9823103000,NA,NA
9823103100,NA,NA
9823103200,NA,NA
9823103300,NA,NA
9823103400,NA,NA
9823103500,NA,NA
9823103600,NA,NA
9823103700,NA,NA
9823103800,NA,NA
9823103900,NA,NA
9823104000,NA,NA
9823104100,NA,NA
9823104200,NA,NA
9823104300,NA,NA
9823104400,NA,NA
9823104500,NA,NA
9823520100,NA,NA
9823520200,NA,NA
9823520300,NA,NA
9823520400,NA,NA
9823520500,NA,NA
9823520600,NA,NA
9823520700,NA,NA
9823520800,NA,NA
9823530100,NA,NA
9823530200,NA,NA
9823530300,NA,NA
9823530400,NA,NA
9823530500,NA,NA
9823530600,NA,NA
