hts8,effective_date_start,effective_date_end
02011005,NA,NA
02011010,NA,NA
02011050,NA,NA
02012002,NA,NA
02012004,NA,NA
02012006,NA,NA
02012010,NA,NA
02012050,NA,NA
02012080,NA,NA
02013002,NA,NA
02013004,NA,NA
02013006,NA,NA
02013010,NA,NA
02013030,NA,NA
02013050,NA,NA
02013080,NA,NA
02021005,NA,NA
02021010,NA,NA
02021050,NA,NA
02022002,NA,NA
02022004,NA,NA
02022006,NA,NA
02022010,NA,NA
02022030,NA,NA
02022050,NA,NA
02022080,NA,NA
02023002,NA,NA
02023004,NA,NA
02023006,NA,NA
02023010,NA,NA
02023030,NA,NA
02023050,NA,NA
02023080,NA,NA
02061000,NA,NA
02062100,NA,NA
02062200,NA,NA
02062900,NA,NA
02102000,NA,NA
05080000,NA,NA
07020020,NA,NA
07020040,NA,NA
07020060,NA,NA
07099905,NA,NA
07099910,NA,NA
07108015,NA,NA
07119030,NA,NA
07123200,NA,NA
07123410,NA,NA
07123420,NA,NA
07133420,NA,NA
07133440,NA,NA
07141010,NA,NA
07141020,NA,NA
07144010,NA,NA
07144020,NA,NA
07144050,NA,NA
07144060,NA,NA
07145010,NA,NA
07145020,NA,NA
07145060,NA,NA
07149042,NA,NA
07149044,NA,NA
07149046,NA,NA
07149048,NA,NA
07149061,NA,NA
08011100,NA,NA
08011200,NA,NA
08011901,NA,NA
08012100,NA,NA
08012200,NA,NA
08013100,NA,NA
08013200,NA,NA
08024100,NA,NA
08024200,NA,NA
08026100,NA,NA
08026200,NA,NA
08027010,NA,NA
08027020,NA,NA
08028010,NA,NA
08028020,NA,NA
08029110,NA,NA
08029190,NA,NA
08029210,NA,NA
08029290,NA,NA
08031010,NA,NA
08031020,NA,NA
08039000,NA,NA
08043020,NA,NA
08043040,NA,NA
08043060,NA,NA
08044000,NA,NA
08045040,NA,NA
08045060,NA,NA
08045080,NA,NA
08051000,NA,NA
08055030,NA,NA
08055040,NA,NA
08059001,NA,NA
08072000,NA,NA
08084020,NA,NA
08084040,NA,NA
08105000,NA,NA
08106000,NA,NA
08109027,NA,NA
08109046,NA,NA
08119010,NA,NA
08119025,NA,NA
08119030,NA,NA
08119040,NA,NA
08119050,NA,NA
08119052,NA,NA
08119080,NA,NA
08129040,NA,NA
09011100,NA,NA
09011200,NA,NA
09012100,NA,NA
09012200,NA,NA
09019010,NA,NA
09019020,NA,NA
09021010,NA,NA
09021090,NA,NA
09022010,NA,NA
09022090,NA,NA
09023000,NA,NA
09024000,NA,NA
09030000,NA,NA
09041100,NA,NA
09041200,NA,NA
09042120,NA,NA
09042140,NA,NA
09042160,NA,NA
09042180,NA,NA
09042220,NA,NA
09042240,NA,NA
09042273,NA,NA
09042276,NA,NA
09042280,NA,NA
09051000,NA,NA
09052000,NA,NA
09061100,NA,NA
09061900,NA,NA
09062000,NA,NA
09071000,NA,NA
09072000,NA,NA
09081100,NA,NA
09081200,NA,NA
09082100,NA,NA
09082220,NA,NA
09082240,NA,NA
09083100,NA,NA
09083200,NA,NA
09092100,NA,NA
09092200,NA,NA
09093100,NA,NA
09093200,NA,NA
09096100,NA,NA
09096200,NA,NA
09101100,NA,NA
09101200,NA,NA
09102000,NA,NA
09103000,NA,NA
09109100,NA,NA
09109907,NA,NA
09109910,NA,NA
09109920,NA,NA
09109940,NA,NA
09109950,NA,NA
09109960,NA,NA
10039040,NA,NA
10083000,NA,NA
10084000,NA,NA
10086000,NA,NA
11062090,NA,NA
11063020,NA,NA
11081400,NA,NA
11081900,NA,NA
12030000,NA,NA
12079100,NA,NA
14049090,NA,NA
15131100,NA,NA
15131900,NA,NA
15211000,NA,NA
15219020,NA,NA
16025005,NA,NA
16025007,NA,NA
16025008,NA,NA
16025021,NA,NA
16025060,NA,NA
16025090,NA,NA
18010000,NA,NA
18020000,NA,NA
18031000,NA,NA
18032000,NA,NA
18040000,NA,NA
18050000,NA,NA
19030020,NA,NA
19030040,NA,NA
19059010,NA,NA
19059090,NA,NA
20019045,NA,NA
20059160,NA,NA
20060040,NA,NA
20079940,NA,NA
20079950,NA,NA
20081915,NA,NA
20082000,NA,NA
20089100,NA,NA
20089913,NA,NA
20089915,NA,NA
20089921,NA,NA
20089940,NA,NA
20089945,NA,NA
20089991,NA,NA
20091100,NA,NA
20091225,NA,NA
20091245,NA,NA
20091900,NA,NA
20093160,NA,NA
20093920,NA,NA
20094940,NA,NA
20098970,NA,NA
20099040,NA,NA
21011129,NA,NA
21011290,NA,NA
21012020,NA,NA
21069048,NA,NA
21069099,NA,NA
22029930,NA,NA
22029935,NA,NA
25041010,NA,NA
25041050,NA,NA
25049000,NA,NA
25101000,NA,NA
25102000,NA,NA
25111010,NA,NA
25111050,NA,NA
25191000,NA,NA
25199010,NA,NA
25199020,NA,NA
25249000,NA,NA
25292100,NA,NA
25292200,NA,NA
25302010,NA,NA
25302020,NA,NA
25309010,NA,NA
25309020,NA,NA
25309080,NA,NA
26020000,NA,NA
26030000,NA,NA
26040000,NA,NA
26050000,NA,NA
26060000,NA,NA
26080000,NA,NA
26090000,NA,NA
26100000,NA,NA
26110030,NA,NA
26110060,NA,NA
26121000,NA,NA
26122000,NA,NA
26139000,NA,NA
26140030,NA,NA
26140060,NA,NA
26159030,NA,NA
26159060,NA,NA
26161000,NA,NA
26171000,NA,NA
26203000,NA,NA
26209950,NA,NA
27011100,NA,NA
27011200,NA,NA
27011900,NA,NA
27012000,NA,NA
27021000,NA,NA
27022000,NA,NA
27030000,NA,NA
27040000,NA,NA
27050000,NA,NA
27060000,NA,NA
27071000,NA,NA
27072000,NA,NA
27073000,NA,NA
27074000,NA,NA
27075000,NA,NA
27079100,NA,NA
27079910,NA,NA
27079920,NA,NA
27079940,NA,NA
27079951,NA,NA
27079955,NA,NA
27079959,NA,NA
27079990,NA,NA
27081000,NA,NA
27090010,NA,NA
27090020,NA,NA
27101215,NA,NA
27101218,NA,NA
27101225,NA,NA
27101245,NA,NA
27101290,NA,NA
27101906,NA,NA
27101911,NA,NA
27101916,NA,NA
27101924,NA,NA
27101925,NA,NA
27101926,NA,NA
27101930,NA,NA
27101935,NA,NA
27101940,NA,NA
27101945,NA,NA
27101990,NA,NA
27102005,NA,NA
27102010,NA,NA
27102015,NA,NA
27102025,NA,NA
27109100,NA,NA
27109905,NA,NA
27109910,NA,NA
27109916,NA,NA
27109921,NA,NA
27109931,NA,NA
27109932,NA,NA
27109939,NA,NA
27109945,NA,NA
27109990,NA,NA
27111100,NA,NA
27111200,NA,NA
27111300,NA,NA
27111400,NA,NA
27111900,NA,NA
27112100,NA,NA
27112900,NA,NA
27121000,NA,NA
27122000,NA,NA
27129010,NA,NA
27129020,NA,NA
27131100,NA,NA
27131200,NA,NA
27132000,NA,NA
27139000,NA,NA
27141000,NA,NA
27149000,NA,NA
27150000,NA,NA
27160000,NA,NA
28012000,NA,NA
28042900,NA,NA
28045000,NA,NA
28046100,NA,NA
28048000,NA,NA
28049000,NA,NA
28051910,NA,NA
28051920,NA,NA
28051990,NA,NA
28053000,NA,NA
28111100,NA,NA
28111910,NA,NA
28112910,NA,NA
28112920,NA,NA
28121900,NA,NA
28139010,NA,NA
28152000,NA,NA
28161000,NA,NA
28164010,NA,NA
28164020,NA,NA
28170000,NA,NA
28181010,NA,NA
28181020,NA,NA
28182000,NA,NA
28201000,NA,NA
28211000,NA,NA
28212000,NA,NA
28220000,NA,NA
28230000,NA,NA
28252000,NA,NA
28254000,NA,NA
28255030,NA,NA
28256000,NA,NA
28258000,NA,NA
28259015,NA,NA
28259030,NA,NA
28259090,NA,NA
28261200,NA,NA
28263000,NA,NA
28269090,NA,NA
28273100,NA,NA
28273945,NA,NA
28273960,NA,NA
28273990,NA,NA
28274100,NA,NA
28274950,NA,NA
28275951,NA,NA
28276010,NA,NA
28276051,NA,NA
28332100,NA,NA
28332400,NA,NA
28332500,NA,NA
28332700,NA,NA
28332910,NA,NA
28332945,NA,NA
28332951,NA,NA
28342100,NA,NA
28342920,NA,NA
28342951,NA,NA
28366000,NA,NA
28369100,NA,NA
28369200,NA,NA
28369910,NA,NA
28369950,NA,NA
28418000,NA,NA
28419020,NA,NA
28419040,NA,NA
28432901,NA,NA
28433000,NA,NA
28439000,NA,NA
28441010,NA,NA
28441020,NA,NA
28442000,NA,NA
28443020,NA,NA
28443050,NA,NA
28444300,NA,NA
28459001,NA,NA
28461000,NA,NA
28469020,NA,NA
28469040,NA,NA
28492010,NA,NA
28492020,NA,NA
28499030,NA,NA
28539010,NA,NA
28539090,NA,NA
29034510,NA,NA
29035110,NA,NA
29035990,NA,NA
29036990,NA,NA
29037800,NA,NA
29037990,NA,NA
29038915,NA,NA
29038920,NA,NA
29038970,NA,NA
29039200,NA,NA
29049940,NA,NA
29052990,NA,NA
29053990,NA,NA
29055910,NA,NA
29055990,NA,NA
29061950,NA,NA
29062960,NA,NA
29072990,NA,NA
29081960,NA,NA
29091918,NA,NA
29092000,NA,NA
29093060,NA,NA
29094910,NA,NA
29094915,NA,NA
29094920,NA,NA
29094960,NA,NA
29095040,NA,NA
29095045,NA,NA
29095050,NA,NA
29121950,NA,NA
29124926,NA,NA
29141900,NA,NA
29145030,NA,NA
29145050,NA,NA
29146200,NA,NA
29146921,NA,NA
29146990,NA,NA
29147940,NA,NA
29152930,NA,NA
29153931,NA,NA
29153935,NA,NA
29153947,NA,NA
29153990,NA,NA
29159010,NA,NA
29159014,NA,NA
29159018,NA,NA
29159020,NA,NA
29159050,NA,NA
29161930,NA,NA
29161950,NA,NA
29162050,NA,NA
29163150,NA,NA
29163946,NA,NA
29163979,NA,NA
29171300,NA,NA
29171910,NA,NA
29171970,NA,NA
29173401,NA,NA
29173930,NA,NA
29181151,NA,NA
29181350,NA,NA
29181650,NA,NA
29181960,NA,NA
29181990,NA,NA
29182210,NA,NA
29182250,NA,NA
29182330,NA,NA
29182350,NA,NA
29182920,NA,NA
29182965,NA,NA
29182975,NA,NA
29183025,NA,NA
29183090,NA,NA
29189930,NA,NA
29189943,NA,NA
29189947,NA,NA
29189950,NA,NA
29199030,NA,NA
29199050,NA,NA
29209051,NA,NA
29211911,NA,NA
29211961,NA,NA
29212900,NA,NA
29213010,NA,NA
29213050,NA,NA
29214290,NA,NA
29214600,NA,NA
29214938,NA,NA
29214943,NA,NA
29214945,NA,NA
29214950,NA,NA
29215980,NA,NA
29221100,NA,NA
29221400,NA,NA
29221909,NA,NA
29221920,NA,NA
29221933,NA,NA
29221960,NA,NA
29221970,NA,NA
29221990,NA,NA
29221996,NA,NA
29222927,NA,NA
29222961,NA,NA
29222981,NA,NA
29223100,NA,NA
29223925,NA,NA
29223945,NA,NA
29223950,NA,NA
29224100,NA,NA
29224250,NA,NA
29224400,NA,NA
29224910,NA,NA
29224926,NA,NA
29224930,NA,NA
29224937,NA,NA
29224949,NA,NA
29224980,NA,NA
29225007,NA,NA
29225010,NA,NA
29225011,NA,NA
29225013,NA,NA
29225014,NA,NA
29225017,NA,NA
29225025,NA,NA
29225035,NA,NA
29225040,NA,NA
29225050,NA,NA
29231000,NA,NA
29232020,NA,NA
29239001,NA,NA
29241100,NA,NA
29241911,NA,NA
29241980,NA,NA
29242116,NA,NA
29242150,NA,NA
29242901,NA,NA
29242903,NA,NA
29242910,NA,NA
29242923,NA,NA
29242926,NA,NA
29242928,NA,NA
29242933,NA,NA
29242957,NA,NA
29242962,NA,NA
29242971,NA,NA
29242977,NA,NA
29242980,NA,NA
29242995,NA,NA
29251200,NA,NA
29251942,NA,NA
29251991,NA,NA
29252100,NA,NA
29252920,NA,NA
29252960,NA,NA
29252990,NA,NA
29263010,NA,NA
29264000,NA,NA
29269014,NA,NA
29269043,NA,NA
29269048,NA,NA
29269050,NA,NA
29270040,NA,NA
29270050,NA,NA
29280025,NA,NA
29280030,NA,NA
29280050,NA,NA
29299020,NA,NA
29299050,NA,NA
29302020,NA,NA
29302090,NA,NA
29303060,NA,NA
29309029,NA,NA
29309049,NA,NA
29309092,NA,NA
29314900,NA,NA
29315300,NA,NA
29319022,NA,NA
29319090,NA,NA
29321400,NA,NA
29321951,NA,NA
29322020,NA,NA
29322030,NA,NA
29322050,NA,NA
29329961,NA,NA
29329970,NA,NA
29329990,NA,NA
29331100,NA,NA
29331935,NA,NA
29331945,NA,NA
29331990,NA,NA
29332100,NA,NA
29332905,NA,NA
29332920,NA,NA
29332935,NA,NA
29332943,NA,NA
29332945,NA,NA
29332960,NA,NA
29332990,NA,NA
29333301,NA,NA
29333400,NA,NA
29333500,NA,NA
29333700,NA,NA
29333908,NA,NA
29333910,NA,NA
29333920,NA,NA
29333921,NA,NA
29333923,NA,NA
29333925,NA,NA
29333927,NA,NA
29333931,NA,NA
29333941,NA,NA
29333961,NA,NA
29333992,NA,NA
29334100,NA,NA
29334908,NA,NA
29334910,NA,NA
29334915,NA,NA
29334917,NA,NA
29334920,NA,NA
29334926,NA,NA
29334930,NA,NA
29334960,NA,NA
29334970,NA,NA
29335210,NA,NA
29335290,NA,NA
29335300,NA,NA
29335400,NA,NA
29335910,NA,NA
29335915,NA,NA
29335918,NA,NA
29335921,NA,NA
29335922,NA,NA
29335936,NA,NA
29335946,NA,NA
29335953,NA,NA
29335959,NA,NA
29335970,NA,NA
29335980,NA,NA
29335985,NA,NA
29335995,NA,NA
29336960,NA,NA
29337200,NA,NA
29337908,NA,NA
29337915,NA,NA
29337985,NA,NA
29339100,NA,NA
29339901,NA,NA
29339902,NA,NA
29339905,NA,NA
29339906,NA,NA
29339908,NA,NA
29339912,NA,NA
29339916,NA,NA
29339917,NA,NA
29339922,NA,NA
29339924,NA,NA
29339926,NA,NA
29339942,NA,NA
29339946,NA,NA
29339951,NA,NA
29339953,NA,NA
29339955,NA,NA
29339958,NA,NA
29339961,NA,NA
29339965,NA,NA
29339970,NA,NA
29339975,NA,NA
29339979,NA,NA
29339982,NA,NA
29339985,NA,NA
29339989,NA,NA
29339990,NA,NA
29339997,NA,NA
29341010,NA,NA
29341020,NA,NA
29341090,NA,NA
29342040,NA,NA
29342080,NA,NA
29343023,NA,NA
29343027,NA,NA
29343043,NA,NA
29343050,NA,NA
29349100,NA,NA
29349200,NA,NA
29349901,NA,NA
29349903,NA,NA
29349905,NA,NA
29349906,NA,NA
29349907,NA,NA
29349908,NA,NA
29349909,NA,NA
29349911,NA,NA
29349912,NA,NA
29349915,NA,NA
29349916,NA,NA
29349918,NA,NA
29349920,NA,NA
29349930,NA,NA
29349939,NA,NA
29349944,NA,NA
29349947,NA,NA
29349970,NA,NA
29349990,NA,NA
29355000,NA,NA
29359006,NA,NA
29359010,NA,NA
29359013,NA,NA
29359015,NA,NA
29359020,NA,NA
29359030,NA,NA
29359032,NA,NA
29359033,NA,NA
29359042,NA,NA
29359048,NA,NA
29359060,NA,NA
29359075,NA,NA
29359095,NA,NA
29362100,NA,NA
29362200,NA,NA
29362300,NA,NA
29362401,NA,NA
29362500,NA,NA
29362600,NA,NA
29362700,NA,NA
29362800,NA,NA
29362910,NA,NA
29362916,NA,NA
29362920,NA,NA
29362950,NA,NA
29369001,NA,NA
29371100,NA,NA
29371200,NA,NA
29371900,NA,NA
29372100,NA,NA
29372200,NA,NA
29372310,NA,NA
29372325,NA,NA
29372350,NA,NA
29372910,NA,NA
29372990,NA,NA
29375000,NA,NA
29379005,NA,NA
29379010,NA,NA
29379020,NA,NA
29379040,NA,NA
29379045,NA,NA
29379090,NA,NA
29381000,NA,NA
29389000,NA,NA
29391100,NA,NA
29391910,NA,NA
29391920,NA,NA
29391950,NA,NA
29392000,NA,NA
29393000,NA,NA
29394100,NA,NA
29394200,NA,NA
29394400,NA,NA
29394500,NA,NA
29394903,NA,NA
29395900,NA,NA
29396200,NA,NA
29396300,NA,NA
29396900,NA,NA
29397200,NA,NA
29397900,NA,NA
29398000,NA,NA
29400060,NA,NA
29411010,NA,NA
29411020,NA,NA
29411030,NA,NA
29411050,NA,NA
29412010,NA,NA
29412050,NA,NA
29413000,NA,NA
29414000,NA,NA
29415000,NA,NA
29419010,NA,NA
29419030,NA,NA
29419050,NA,NA
29420005,NA,NA
29420035,NA,NA
29420050,NA,NA
30012000,NA,NA
30019001,NA,NA
30021200,NA,NA
30021300,NA,NA
30021400,NA,NA
30021500,NA,NA
30024100,NA,NA
30024200,NA,NA
30024900,NA,NA
30025100,NA,NA
30025900,NA,NA
30029010,NA,NA
30029052,NA,NA
30031000,NA,NA
30032000,NA,NA
30033910,NA,NA
30033950,NA,NA
30034100,NA,NA
30034200,NA,NA
30034900,NA,NA
30039001,NA,NA
30041010,NA,NA
30041050,NA,NA
30042000,NA,NA
30043100,NA,NA
30043200,NA,NA
30043900,NA,NA
30044100,NA,NA
30044200,NA,NA
30044900,NA,NA
30045010,NA,NA
30045020,NA,NA
30045030,NA,NA
30045050,NA,NA
30046000,NA,NA
30049010,NA,NA
30049092,NA,NA
30063010,NA,NA
30063050,NA,NA
30066000,NA,NA
30067000,NA,NA
30069310,NA,NA
30069320,NA,NA
30069350,NA,NA
30069360,NA,NA
30069380,NA,NA
31010000,NA,NA
31021000,NA,NA
31022100,NA,NA
31022900,NA,NA
31023000,NA,NA
31024000,NA,NA
31025000,NA,NA
31026000,NA,NA
31028000,NA,NA
31029001,NA,NA
31031100,NA,NA
31031900,NA,NA
31039001,NA,NA
31042000,NA,NA
31043000,NA,NA
31049001,NA,NA
31051000,NA,NA
31052000,NA,NA
31053000,NA,NA
31054000,NA,NA
31055100,NA,NA
31055900,NA,NA
31056000,NA,NA
31059000,NA,NA
32030080,NA,NA
32041380,NA,NA
32041720,NA,NA
32041800,NA,NA
32061100,NA,NA
32061900,NA,NA
33012951,NA,NA
34024210,NA,NA
34024220,NA,NA
34024290,NA,NA
36069030,NA,NA
38089410,NA,NA
38089450,NA,NA
38180000,NA,NA
38249100,NA,NA
38249929,NA,NA
38249949,NA,NA
39019090,NA,NA
39029000,NA,NA
39046100,NA,NA
39059110,NA,NA
39059980,NA,NA
39069050,NA,NA
39071000,NA,NA
39072100,NA,NA
39077000,NA,NA
39081000,NA,NA
39119025,NA,NA
39119091,NA,NA
39123100,NA,NA
39123900,NA,NA
39129000,NA,NA
39139020,NA,NA
39139050,NA,NA
39140060,NA,NA
39172100,NA,NA
39172200,NA,NA
39172300,NA,NA
39172900,NA,NA
39173100,NA,NA
39173300,NA,NA
39173900,NA,NA
39174000,NA,NA
39269045,NA,NA
39269094,NA,NA
39269096,NA,NA
39269099,NA,NA
40011000,NA,NA
40012100,NA,NA
40012200,NA,NA
40012900,NA,NA
40013000,NA,NA
40082920,NA,NA
40091200,NA,NA
40093200,NA,NA
40094200,NA,NA
40113000,NA,NA
40121300,NA,NA
40122010,NA,NA
40161000,NA,NA
40169350,NA,NA
40169935,NA,NA
40169960,NA,NA
40170000,NA,NA
44034200,NA,NA
44034902,NA,NA
44072100,NA,NA
44072200,NA,NA
44072301,NA,NA
44072500,NA,NA
44072600,NA,NA
44072700,NA,NA
44072800,NA,NA
44072902,NA,NA
44083101,NA,NA
44083902,NA,NA
45049000,NA,NA
47031100,NA,NA
47032100,NA,NA
47032900,NA,NA
48239010,NA,NA
48239020,NA,NA
48239031,NA,NA
48239040,NA,NA
48239050,NA,NA
48239060,NA,NA
48239067,NA,NA
48239070,NA,NA
48239080,NA,NA
48239086,NA,NA
68128090,NA,NA
68129910,NA,NA
68129920,NA,NA
68129990,NA,NA
68132000,NA,NA
68138100,NA,NA
68138900,NA,NA
70072111,NA,NA
71069110,NA,NA
71081100,NA,NA
71081210,NA,NA
71081250,NA,NA
71081310,NA,NA
71081355,NA,NA
71081370,NA,NA
71082000,NA,NA
71101100,NA,NA
71101900,NA,NA
71102100,NA,NA
71102900,NA,NA
71103100,NA,NA
71103900,NA,NA
71104100,NA,NA
71104900,NA,NA
71129201,NA,NA
71159005,NA,NA
71159030,NA,NA
71189000,NA,NA
72021110,NA,NA
72021150,NA,NA
72021910,NA,NA
72021950,NA,NA
72023000,NA,NA
72024100,NA,NA
72024910,NA,NA
72024950,NA,NA
72025000,NA,NA
72026000,NA,NA
72028000,NA,NA
72029100,NA,NA
72029340,NA,NA
72029380,NA,NA
72042100,NA,NA
73043130,NA,NA
73043160,NA,NA
73043900,NA,NA
73044130,NA,NA
73044160,NA,NA
73044900,NA,NA
73045110,NA,NA
73045150,NA,NA
73045920,NA,NA
73045960,NA,NA
73045980,NA,NA
73049010,NA,NA
73049030,NA,NA
73049050,NA,NA
73049070,NA,NA
73063010,NA,NA
73063030,NA,NA
73063050,NA,NA
73064010,NA,NA
73064050,NA,NA
73065010,NA,NA
73065030,NA,NA
73065050,NA,NA
73066110,NA,NA
73066130,NA,NA
73066150,NA,NA
73066170,NA,NA
73066910,NA,NA
73066930,NA,NA
73066950,NA,NA
73066970,NA,NA
73121005,NA,NA
73121010,NA,NA
73121020,NA,NA
73121030,NA,NA
73121050,NA,NA
73121060,NA,NA
73121070,NA,NA
73121080,NA,NA
73121090,NA,NA
73129000,NA,NA
73229000,NA,NA
73249000,NA,NA
73262000,NA,NA
74010000,NA,NA
74020000,NA,NA
74031100,NA,NA
74031200,NA,NA
74031300,NA,NA
74031900,NA,NA
74032100,NA,NA
74032200,NA,NA
74032901,NA,NA
74040030,NA,NA
74050010,NA,NA
74050060,NA,NA
74130090,NA,NA
75011000,NA,NA
75021000,NA,NA
75022000,NA,NA
75030000,NA,NA
75040000,NA,NA
75089050,NA,NA
76081000,NA,NA
76082000,NA,NA
79011100,NA,NA
79011210,NA,NA
79011250,NA,NA
79012000,NA,NA
79020000,NA,NA
79039030,NA,NA
79070060,NA,NA
80011000,NA,NA
80012000,NA,NA
80020000,NA,NA
80070050,NA,NA
81011000,NA,NA
81019700,NA,NA
81032000,NA,NA
81033000,NA,NA
81039100,NA,NA
81039900,NA,NA
81041100,NA,NA
81041900,NA,NA
81042000,NA,NA
81043000,NA,NA
81049000,NA,NA
81052030,NA,NA
81052060,NA,NA
81052090,NA,NA
81053000,NA,NA
81059000,NA,NA
81061000,NA,NA
81069000,NA,NA
81082000,NA,NA
81083000,NA,NA
81089030,NA,NA
81089060,NA,NA
81101000,NA,NA
81102000,NA,NA
81109000,NA,NA
81110047,NA,NA
81110049,NA,NA
81122100,NA,NA
81122200,NA,NA
81122900,NA,NA
81124110,NA,NA
81124150,NA,NA
81124900,NA,NA
81125900,NA,NA
81129210,NA,NA
81129230,NA,NA
81129240,NA,NA
81129260,NA,NA
81129265,NA,NA
81129910,NA,NA
81129991,NA,NA
83021060,NA,NA
83021090,NA,NA
83022000,NA,NA
83024230,NA,NA
83024260,NA,NA
83024960,NA,NA
83024980,NA,NA
83026030,NA,NA
83071030,NA,NA
83079030,NA,NA
84071000,NA,NA
84089090,NA,NA
84091000,NA,NA
84111140,NA,NA
84111180,NA,NA
84111240,NA,NA
84111280,NA,NA
84112140,NA,NA
84112180,NA,NA
84112240,NA,NA
84112280,NA,NA
84118140,NA,NA
84118240,NA,NA
84119110,NA,NA
84119190,NA,NA
84119910,NA,NA
84119990,NA,NA
84121000,NA,NA
84122100,NA,NA
84122940,NA,NA
84122980,NA,NA
84123100,NA,NA
84123900,NA,NA
84128010,NA,NA
84128090,NA,NA
84129090,NA,NA
84131900,NA,NA
84132000,NA,NA
84133010,NA,NA
84133090,NA,NA
84135000,NA,NA
84137010,NA,NA
84137020,NA,NA
84138100,NA,NA
84139110,NA,NA
84139120,NA,NA
84139190,NA,NA
84141000,NA,NA
84142000,NA,NA
84143040,NA,NA
84143080,NA,NA
84145130,NA,NA
84145190,NA,NA
84145930,NA,NA
84145965,NA,NA
84148005,NA,NA
84148016,NA,NA
84148020,NA,NA
84148090,NA,NA
84149010,NA,NA
84149030,NA,NA
84149041,NA,NA
84149091,NA,NA
84151060,NA,NA
84151090,NA,NA
84158201,NA,NA
84158300,NA,NA
84159040,NA,NA
84159080,NA,NA
84181000,NA,NA
84183000,NA,NA
84184000,NA,NA
84186101,NA,NA
84186901,NA,NA
84195010,NA,NA
84195050,NA,NA
84198150,NA,NA
84198190,NA,NA
84199010,NA,NA
84199020,NA,NA
84199030,NA,NA
84199050,NA,NA
84199085,NA,NA
84211900,NA,NA
84212100,NA,NA
84212300,NA,NA
84212900,NA,NA
84213100,NA,NA
84213200,NA,NA
84213901,NA,NA
84241000,NA,NA
84251100,NA,NA
84251900,NA,NA
84253101,NA,NA
84253901,NA,NA
84254200,NA,NA
84254900,NA,NA
84269900,NA,NA
84281000,NA,NA
84282000,NA,NA
84283300,NA,NA
84283900,NA,NA
84289003,NA,NA
84433210,NA,NA
84433250,NA,NA
84714101,NA,NA
84714900,NA,NA
84715001,NA,NA
84716010,NA,NA
84716020,NA,NA
84716070,NA,NA
84716080,NA,NA
84716090,NA,NA
84717020,NA,NA
84717030,NA,NA
84717040,NA,NA
84717050,NA,NA
84717060,NA,NA
84717090,NA,NA
84718010,NA,NA
84718040,NA,NA
84718090,NA,NA
84733011,NA,NA
84733020,NA,NA
84733051,NA,NA
84733091,NA,NA
84798910,NA,NA
84798920,NA,NA
84798965,NA,NA
84798970,NA,NA
84798995,NA,NA
84799041,NA,NA
84799055,NA,NA
84799065,NA,NA
84799075,NA,NA
84799085,NA,NA
84799095,NA,NA
84831010,NA,NA
84831030,NA,NA
84831050,NA,NA
84833040,NA,NA
84833080,NA,NA
84834010,NA,NA
84834030,NA,NA
84834050,NA,NA
84834070,NA,NA
84834080,NA,NA
84834090,NA,NA
84835040,NA,NA
84835060,NA,NA
84835090,NA,NA
84836040,NA,NA
84836080,NA,NA
84839010,NA,NA
84839020,NA,NA
84839030,NA,NA
84839050,NA,NA
84839080,NA,NA
84841000,NA,NA
84849000,NA,NA
84861000,NA,NA
84862000,NA,NA
84863000,NA,NA
84864000,NA,NA
84869000,NA,NA
85012050,NA,NA
85012060,NA,NA
85013150,NA,NA
85013160,NA,NA
85013181,NA,NA
85013220,NA,NA
85013255,NA,NA
85013261,NA,NA
85013320,NA,NA
85013330,NA,NA
85013361,NA,NA
85013461,NA,NA
85014050,NA,NA
85014060,NA,NA
85015150,NA,NA
85015160,NA,NA
85015240,NA,NA
85015280,NA,NA
85015340,NA,NA
85015360,NA,NA
85016101,NA,NA
85016201,NA,NA
85016301,NA,NA
85017100,NA,NA
85017210,NA,NA
85017220,NA,NA
85017230,NA,NA
85017290,NA,NA
85018010,NA,NA
85018020,NA,NA
85018030,NA,NA
85021100,NA,NA
85021200,NA,NA
85021300,NA,NA
85022000,NA,NA
85023100,NA,NA
85023900,NA,NA
85024000,NA,NA
85041000,NA,NA
85043120,NA,NA
85043140,NA,NA
85043160,NA,NA
85043200,NA,NA
85043300,NA,NA
85044040,NA,NA
85044060,NA,NA
85044070,NA,NA
85044085,NA,NA
85044095,NA,NA
85045040,NA,NA
85045080,NA,NA
85071000,NA,NA
85073080,NA,NA
85075000,NA,NA
85076000,NA,NA
85078082,NA,NA
85079040,NA,NA
85079080,NA,NA
85111000,NA,NA
85112000,NA,NA
85113000,NA,NA
85114000,NA,NA
85115000,NA,NA
85118020,NA,NA
85118040,NA,NA
85118060,NA,NA
85142040,NA,NA
85168040,NA,NA
85168080,NA,NA
85171300,NA,NA
85171400,NA,NA
85176100,NA,NA
85176200,NA,NA
85176900,NA,NA
85177100,NA,NA
85181080,NA,NA
85182100,NA,NA
85182200,NA,NA
85182940,NA,NA
85182980,NA,NA
85183010,NA,NA
85183020,NA,NA
85184010,NA,NA
85184020,NA,NA
85185000,NA,NA
85198110,NA,NA
85198120,NA,NA
85198125,NA,NA
85198130,NA,NA
85198141,NA,NA
85198910,NA,NA
85198920,NA,NA
85198930,NA,NA
85211030,NA,NA
85211060,NA,NA
85211090,NA,NA
85229025,NA,NA
85229036,NA,NA
85229045,NA,NA
85229058,NA,NA
85229065,NA,NA
85229080,NA,NA
85235100,NA,NA
85241110,NA,NA
85241190,NA,NA
85241200,NA,NA
85241900,NA,NA
85249110,NA,NA
85249200,NA,NA
85249900,NA,NA
85261000,NA,NA
85269100,NA,NA
85269210,NA,NA
85269250,NA,NA
85284200,NA,NA
85285200,NA,NA
85286200,NA,NA
85291021,NA,NA
85291040,NA,NA
85291091,NA,NA
85299004,NA,NA
85299005,NA,NA
85299006,NA,NA
85299009,NA,NA
85299013,NA,NA
85299016,NA,NA
85299019,NA,NA
85299021,NA,NA
85299024,NA,NA
85299029,NA,NA
85299033,NA,NA
85299036,NA,NA
85299039,NA,NA
85299043,NA,NA
85299049,NA,NA
85299055,NA,NA
85299063,NA,NA
85299068,NA,NA
85299073,NA,NA
85299077,NA,NA
85299078,NA,NA
85299081,NA,NA
85299083,NA,NA
85299087,NA,NA
85299088,NA,NA
85299089,NA,NA
85299093,NA,NA
85299095,NA,NA
85299097,NA,NA
85299098,NA,NA
85311000,NA,NA
85312000,NA,NA
85318015,NA,NA
85318090,NA,NA
85367000,NA,NA
85391000,NA,NA
85395100,NA,NA
85411000,NA,NA
85412100,NA,NA
85412900,NA,NA
85413000,NA,NA
85414100,NA,NA
85414910,NA,NA
85414970,NA,NA
85414980,NA,NA
85414995,NA,NA
85415100,NA,NA
85415900,NA,NA
85419000,NA,NA
85423100,NA,NA
85423200,NA,NA
85423300,NA,NA
85423900,NA,NA
85429000,NA,NA
85437042,NA,NA
85437045,NA,NA
85437060,NA,NA
85437080,NA,NA
85437091,NA,NA
85437095,NA,NA
85439012,NA,NA
85439015,NA,NA
85439035,NA,NA
85439065,NA,NA
85439068,NA,NA
85439085,NA,NA
85439088,NA,NA
85443000,NA,NA
88010000,NA,NA
88021101,NA,NA
88021201,NA,NA
88022001,NA,NA
88023001,NA,NA
88024001,NA,NA
88052900,NA,NA
88061000,NA,NA
88062100,NA,NA
88062200,NA,NA
88062300,NA,NA
88062400,NA,NA
88062900,NA,NA
88069100,NA,NA
88069200,NA,NA
88069300,NA,NA
88069400,NA,NA
88069900,NA,NA
88071000,NA,NA
88072000,NA,NA
88073000,NA,NA
88079090,NA,NA
90019040,NA,NA
90019050,NA,NA
90019060,NA,NA
90019080,NA,NA
90019090,NA,NA
90029020,NA,NA
90029040,NA,NA
90029070,NA,NA
90029085,NA,NA
90029095,NA,NA
90141010,NA,NA
90141060,NA,NA
90141070,NA,NA
90141090,NA,NA
90142020,NA,NA
90142040,NA,NA
90142060,NA,NA
90142080,NA,NA
90149010,NA,NA
90149020,NA,NA
90149040,NA,NA
90149060,NA,NA
90200040,NA,NA
90200060,NA,NA
90251120,NA,NA
90251140,NA,NA
90251940,NA,NA
90251980,NA,NA
90258010,NA,NA
90258015,NA,NA
90258020,NA,NA
90258035,NA,NA
90258040,NA,NA
90258050,NA,NA
90259006,NA,NA
90261020,NA,NA
90261040,NA,NA
90261060,NA,NA
90262040,NA,NA
90262080,NA,NA
90268020,NA,NA
90268040,NA,NA
90268060,NA,NA
90269020,NA,NA
90269060,NA,NA
90291080,NA,NA
90292040,NA,NA
90299080,NA,NA
90301000,NA,NA
90302005,NA,NA
90302010,NA,NA
90303100,NA,NA
90303200,NA,NA
90303334,NA,NA
90303338,NA,NA
90303901,NA,NA
90304000,NA,NA
90308400,NA,NA
90308901,NA,NA
90309025,NA,NA
90309046,NA,NA
90309066,NA,NA
90309068,NA,NA
90309084,NA,NA
90309089,NA,NA
90314940,NA,NA
90314970,NA,NA
90318040,NA,NA
90318080,NA,NA
90319021,NA,NA
90319045,NA,NA
90319054,NA,NA
90319059,NA,NA
90319070,NA,NA
90319091,NA,NA
90321000,NA,NA
90322000,NA,NA
90328100,NA,NA
90328920,NA,NA
90328940,NA,NA
90328960,NA,NA
90329021,NA,NA
90329041,NA,NA
90329061,NA,NA
90330090,NA,NA
91040005,NA,NA
91040010,NA,NA
91040020,NA,NA
91040025,NA,NA
91040030,NA,NA
91040040,NA,NA
91040045,NA,NA
91040050,NA,NA
91040060,NA,NA
91091050,NA,NA
91091060,NA,NA
91099020,NA,NA
94011040,NA,NA
94011080,NA,NA
94032000,NA,NA
94037040,NA,NA
94037080,NA,NA
94051140,NA,NA
94051160,NA,NA
94051180,NA,NA
94051940,NA,NA
94051960,NA,NA
94051980,NA,NA
94056120,NA,NA
94056140,NA,NA
94056160,NA,NA
94056920,NA,NA
94056940,NA,NA
94056960,NA,NA
94059200,NA,NA
94059920,NA,NA
94059940,NA,NA
96200050,NA,NA
96200060,NA,NA
98020040,NA,NA
98020050,NA,NA
98020060,NA,NA
98020080,NA,NA
98020091,NA,NA
98180005,NA,NA
98180007,NA,NA
